ListSchema={"schemaXmlList":["<Field ID=\"{fa564e0f-0c70-4ab9-b863-0177e6ddd247}\" Type=\"Text\" Name=\"Title\" DisplayName=\"#\" Required=\"FALSE\" SourceID=\"http://schemas.microsoft.com/sharepoint/v3\" StaticName=\"Title\" FromBaseType=\"TRUE\" MaxLength=\"255\" />","<Field ClientSideComponentId=\"00000000-0000-0000-0000-000000000000\" DisplayName=\"Learning Name\" Format=\"Dropdown\" MaxLength=\"255\" Name=\"field_2\" Title=\"Learning Name\" Type=\"Text\" ID=\"{aea6c7d6-1d6a-4edf-82e2-8cf8cfad5534}\" StaticName=\"field_2\" />","<Field ID=\"{a7506883-8091-4635-9178-13d167e2aeb0}\" DisplayName=\"Description\" Name=\"field_3\" StaticName=\"field_3\" Type=\"Note\" />","<Field Name=\"field_4\" FromBaseType=\"FALSE\" Type=\"Note\" DisplayName=\"Technical area\" Required=\"FALSE\" EnforceUniqueValues=\"FALSE\" Indexed=\"FALSE\" NumLines=\"6\" RichText=\"FALSE\" RichTextMode=\"Compatible\" IsolateStyles=\"FALSE\" Sortable=\"FALSE\" ID=\"{e7c9fc25-c38a-4d3d-bee9-143aed15d130}\" StaticName=\"field_4\" CustomFormatter=\"\" RestrictedMode=\"TRUE\" AppendOnly=\"FALSE\" />","<Field ID=\"{de21ec7b-8588-40a0-ada8-2c38c997d2e1}\" DisplayName=\"Owner\" Name=\"field_5\" StaticName=\"field_5\" Type=\"Text\" CustomFormatter=\"\" Required=\"FALSE\" EnforceUniqueValues=\"FALSE\" Indexed=\"FALSE\" MaxLength=\"255\" />","<Field ID=\"{2f4a96de-a845-4eac-b335-740141496112}\" DisplayName=\"Contact details\" Name=\"field_6\" StaticName=\"field_6\" Type=\"Text\" CustomFormatter=\"\" Required=\"FALSE\" EnforceUniqueValues=\"FALSE\" Indexed=\"FALSE\" MaxLength=\"255\" />","<Field ID=\"{6d44ea99-4442-4b6b-b28a-703467e1b3a2}\" DisplayName=\"Developer\" Name=\"field_7\" StaticName=\"field_7\" Type=\"Text\" CustomFormatter=\"\" Required=\"FALSE\" EnforceUniqueValues=\"FALSE\" Indexed=\"FALSE\" MaxLength=\"255\" />","<Field ClientSideComponentId=\"00000000-0000-0000-0000-000000000000\" DisplayName=\"Focus area\" Format=\"Dropdown\" MaxLength=\"255\" Name=\"field_8\" Title=\"Focus area\" Type=\"Text\" ID=\"{d907a78f-13a2-4dbd-af10-3d4487a4c90f}\" StaticName=\"field_8\" />","<Field Name=\"field_9\" FromBaseType=\"FALSE\" Type=\"Note\" DisplayName=\"Language\" Required=\"FALSE\" EnforceUniqueValues=\"FALSE\" Indexed=\"FALSE\" NumLines=\"6\" RichText=\"FALSE\" Sortable=\"FALSE\" ID=\"{d9cfd906-fe29-40bc-9400-30ea31069f05}\" StaticName=\"field_9\" CustomFormatter=\"\" RestrictedMode=\"TRUE\" RichTextMode=\"Compatible\" IsolateStyles=\"FALSE\" AppendOnly=\"FALSE\" />","<Field ID=\"{c0f0cebd-376a-4119-98b1-d8330f556530}\" DisplayName=\"Platform\" Name=\"field_10\" StaticName=\"field_10\" Type=\"Text\" CustomFormatter=\"\" Required=\"FALSE\" EnforceUniqueValues=\"FALSE\" Indexed=\"FALSE\" MaxLength=\"255\" />","<Field ID=\"{1e4a6821-0a93-4b1c-ab3a-52b83511cf2f}\" DisplayName=\"Intended audience\" Name=\"field_11\" StaticName=\"field_11\" Type=\"Text\" />","<Field ID=\"{073ebc50-46aa-48c2-8a3a-8957ddb1cd88}\" DisplayName=\"Modality\" Name=\"field_12\" StaticName=\"field_12\" Type=\"Note\" />","<Field ID=\"{b0666b1b-5863-4129-804a-b6bfd5db3222}\" DisplayName=\"Link\" Name=\"field_14\" StaticName=\"field_14\" Type=\"Note\" />","<Field ID=\"{542498ca-5bdf-4c3e-be33-0d4281b00310}\" DisplayName=\"Identified Gaps/ Deficiences\" Name=\"field_15\" StaticName=\"field_15\" Type=\"Text\" />","<Field ID=\"{02fd8d72-5973-4837-98eb-ecd0034359c8}\" DisplayName=\"Contributor\" Name=\"field_16\" StaticName=\"field_16\" Type=\"Number\" />","<Field ID=\"{faae5f17-c321-4c0c-a365-a29989adc941}\" DisplayName=\"Comment\" Name=\"field_17\" StaticName=\"field_17\" Type=\"Text\" />","<Field Type=\"Text\" DisplayName=\"Sign-off status\" Title=\"Sign-off status\" StaticName=\"_Flow_SignoffStatus\" ID=\"{81c5d389-440b-4b96-9e55-1bb152b9f45b}\" Name=\"_x0024_Resources_x003a_core_x002\" />","<Field ID=\"{82642ec8-ef9b-478f-acf9-31f7d45fbc31}\" ReadOnly=\"TRUE\" Type=\"Computed\" Name=\"LinkTitle\" DisplayName=\"Number\" DisplayNameSrcField=\"Title\" ClassInfo=\"Menu\" AuthoringInfo=\"(linked to item with edit menu)\" ListItemMenuAllowed=\"Required\" LinkToItemAllowed=\"Prohibited\" SourceID=\"http://schemas.microsoft.com/sharepoint/v3\" StaticName=\"LinkTitle\" FromBaseType=\"TRUE\"><FieldRefs><FieldRef Name=\"Title\" /><FieldRef Name=\"LinkTitleNoMenu\" /><FieldRef Name=\"_EditMenuTableStart2\" /><FieldRef Name=\"_EditMenuTableEnd\" /></FieldRefs><DisplayPattern><FieldSwitch><Expr><GetVar Name=\"FreeForm\" /></Expr><Case Value=\"TRUE\"><Field Name=\"LinkTitleNoMenu\" /></Case><Default><HTML><![CDATA[<div class=\"ms-vb itx\" onmouseover=\"OnItem(this)\" CTXName=\"ctx]]></HTML><Field Name=\"_EditMenuTableStart2\" /><HTML><![CDATA[\">]]></HTML><Field Name=\"LinkTitleNoMenu\" /><HTML><![CDATA[</div>]]></HTML><HTML><![CDATA[<div class=\"s4-ctx\" onmouseover=\"OnChildItem(this.parentNode); return false;\">]]></HTML><HTML><![CDATA[<span>&nbsp;</span>]]></HTML><HTML><![CDATA[<a onfocus=\"OnChildItem(this.parentNode.parentNode); return false;\" onclick=\"PopMenuFromChevron(event); return false;\" href=\"javascript:;\" title=\"Open Menu\"></a>]]></HTML><HTML><![CDATA[<span>&nbsp;</span>]]></HTML><HTML><![CDATA[</div>]]></HTML></Default></FieldSwitch></DisplayPattern></Field>"]}
"Learning Name","Description","Technical area","Focus area","Intended audience","Owner","Developer","Contact details","Language","Modality","Platform","Link","Comment","Sign-off status"
"Health and Migration: Regional strategic lines of action on health and migration - 2022","The course is designed to guide public authorities within the health sector, and beyond, on developing inclusive and evidence-based policies, strategies, and programs on health and migration, aimed at improving the health of migrants in countries throughout the Region of the Americas.","Health emergency preparedness and response management","Migration & Health","WHO staff/MoH/HCPs","WHO","PAHO/Virtual campus for public health ","https://campus.paho.org/en/contact","English, Spanish","Online","Virtual campus for public health","https://campus.paho.org/en/course/health-and-migration",,
"Health Cluster Coordination ","The Global Health Cluster (GHC) has developed this Health Cluster Coordination eLearning course in order to increase the skills and knowledge of Health Cluster teams and partners and to strengthen the efficiency and accountability of all stakeholders in responding to humanitarian crises.","Health emergency preparedness and response management","Health cluster coordination"," Health Cluster teams and partners ","WHO","HQ/WHE","WHEtraining@who.int","English","Online","OpenWHO","https://openwho.org/playlist/dedicated/495459/0_tueews0p/0_ah5tl4il"," ",
"Health Emergency Readiness for Response Operations","This training defines key principles, approaches, and tools to assess your readiness status and plan for anticipatory actions to strengthen your readiness for response operations.","Health emergency preparedness and response management","Emergency Response","Member states/ MoH/WHO staff","WHO","HQ/WHE","WHEtraining@who.int","English","Online","OpenWHO","https://openwho.org/playlist/dedicated/504475/0_ig03lfgl/0_sapp05yg",,
"Health Security Training for Western Balkans","National Action Plan for Health Security training  in the Western Balkans","Health emergency preparedness and response management","IHR","Multisectoral experts","WHO","HQ/WHE",,"English","In-person",,,,
"Hospital Violence Preparedness Assessment Tool ","The Hospital Preparedness to Violence assessment tool has been created based on the recommendations of the publication ""Ensuring the Preparedness and Safety of Health Care Facilities in Armed Conflict and Other Emergencies"". The purpose is to train evaluators who can facilitate the application of the tool to verify hospital preparedness for violence","Health emergency preparedness and response management","Preventing violence against health workers","WHO staff/MoH/HCPs","WHO","PAHO/Virtual campus for public health ","https://campus.paho.org/en/contact","Spanish","Online","Virtual campus for public health","https://www.campusvirtualsp.org/es/node/28750",,
"How to install Go.Data","This tutorial is a compilation of short videos that explains, in detail, the different ways in which Go.Data can be installed depending on the user needs.","Surveillance","Outbreak investigation tool","WHO staff","WHO","HQ/WHE/GOARN","goarn@who.int","English, Spanish","Online","OpenWHO","https://openwho.org/playlist/dedicated/502240/0_glt2e3wv/0_t0bf5iq1"," ",
"International Coordinating Group on Vaccine Provision","Examine foundational understanding of the ICG and its mechanism to access the emergency vaccine stockpile for Ebola, Yellow Fever, Cholera and Meningitis.","Health services provision","Vaccines","Member states/ MoH/WHO staff","WHO","HQ/WHE","WHEtraining@who.int","English","Online","OpenWHO","https://openwho.org/channel/International%2BCoordinating%2BGroup%2Bon%2BVaccine%2BProvision/528037"," ",
"IDSR Training","Provide you with additional information and resources to effectively conduct Integrated Disease Surveillance and Response (IDSR) activities.","Surveillance","Integrated disease surveillance and response","WHO staff","WHO","HQ/WHE","WHEtraining@who.int","English","Online","OpenWHO","https://openwho.org/channel/Integrated+disease+surveillance+and+response/500000",,
"IMS and ERF training for WCOs","Training package for WCO on IMS, ERF and BCP","Health emergency preparedness and response management","WHO IMS","WCO ","WHO","HQ/WHE",,"English","In-person",,,,
"Incident Command System for Hospitals (ICS-H)","Provide a framework for first responders to implement the Hospital Incident Command System (HCS) to address incidents of any size and complexity.","Health emergency preparedness and response management","Incident command system","WHO staff/MoH/HCPs","WHO","PAHO/Virtual campus for public health ","https://campus.paho.org/en/contact","Spanish","Online","Virtual campus for public health","https://www.campusvirtualsp.org/es/node/29200",,
"Infectious Substances Shipping Training (e-ISST) Global","Contribute to improving compliance with applicable regulations, ensuring safety of staff, the public and the environment. Compliance also increases access to carrier services, and subsequent timely package delivery.","Laboratory","Infectious substances shipping","WHO staff","WHO","HQ/WHE",,"English","Online","HSLP ","https://extranet.who.int/hslp/training/course/index.php?categoryid=43"," ",
"Influenza sentinel surveillance training","Learn how to analyse, summarise, report, present, and interpret data collected within a sentinel influenza surveillance system.","Surveillance","Surveillance","WHO staff/MoH/HCPs","WHO","HQ/WHE","WHEtraining@who.int","English","Online","OpenWHO","https://openwho.org/playlist/dedicated/501679/0_9dc1d2ag/0_7ity3lsm"," ",
"Influenza surveillance data analysis and bulletin writing workshop","Workshop to build capacity in influenza surveillance data analysis, threshold setting and bulletin writing ","Surveillance","Surveillance","NFPs/surveillance staff","WHO","HQ/WHE",,"English","In-person",,,,
"Influenza surveillance data threshold setting workshop","Review approach and support in application of Pandemic Influenza Severity Assessment and appyling threshold setting to inluenza/syndromic surveillance data using the moving epidemic method","Surveillance","Surveillance","NFPs/surveillance staff","WHO","HQ/WHE",,"English","In-person",,,,
"Infodemic Management 101","Course is for anyone interested in understanding what an infodemic is, how it dramatically affects public health and what we can do about it now and into the future","Risk communication and community engagement (RCCE)","COVID-19","WHO staff","WHO","HQ/WHE","WHEtraining@who.int","English","Online","OpenWHO","https://openwho.org/playlist/dedicated/499738/0_47ngign5/0_q6tpx5f6"," ",
"Infodemic Management: Addressing health misinformation and disinformation","This course introduces the learners to the concept of health misinformation in an infodemic management context, what harms it can cause, how it spreads, and how to prevent and manage it. It also dives deeper into the difference between misinformation and disinformation with an overview of how threat actors weaponize information during public health emergencies to cause harm.","Risk communication and community engagement (RCCE)","Infodemic","Member states/ MoH/WHO staff","WHO","HQ/WHE/EPP","WHEtraining@who.int","English","Online","OpenWHO","https://openwho.org/playlist/dedicated/499738/0_4tojm0ij/0_5zupie62
",,
"Infodemic Management: Defining a taxonomy for social listening","When practicing social listening activities for public health purposes such as infodemic management, health professionals need a taxonomy adapted to their questions and to the domain they cover. Tailoring their search strategy to collect data relevant for infodemic insights generation will allow them to build strong and evidence-based recommendations for public health action. This course will equip health public health workers to design a taxonomy for social listening adapted to their needs.","Risk communication and community engagement (RCCE)","Infodemic","Member states/ MoH/WHO staff","WHO","HQ/WHE/EPP","WHEtraining@who.int","English","Online","OpenWHO","https://openwho.org/playlist/dedicated/499738/0_fsg88i20/0_mbihfi83",,
"Infodemic management: Developing an infodemic insights report","This course, which is part of the “Infodemic management course series” provides an overview of the steps the learners can take to plan for and develop an infodemic insights report. Developing an infodemic insights report is one of the key actions taken by infodemic managers to help health authorities and partners identify, questions, concerns, information voids, narratives and circulating mis- and disinformation on a particular health topic and propose preventive and corrective actions toward mitigating the infodemic.","Risk communication and community engagement (RCCE)","Infodemic","Member states/ MoH/WHO staff","WHO","HQ/WHE/EPP","WHEtraining@who.int","English","Online","OpenWHO","https://openwho.org/playlist/dedicated/499738/0_tbe4lkl3/0_u6k3jz0o
",,
"Infodemic Management: Social marketing and message testing methods","This course shows how social marketing and message testing methods can help public health authorities to design effective campaigns and interventions.","Risk communication and community engagement (RCCE)","Infodemic","Member states/ MoH/WHO staff","WHO","HQ/WHE/EPP","WHEtraining@who.int","English","Online","OpenWHO","https://openwho.org/playlist/dedicated/499738/0_upydku29/0_8zk7zfd2",,
"Infodemic Management: Using human-centered design good practices","This course helps public health workers to understand and use best practices of Human-Centered Design (HCD) to inform their work at different stages of their infodemic management process.","Risk communication and community engagement (RCCE)","Infodemic","Member states/ MoH/WHO staff","WHO","HQ/WHE/EPP","WHEtraining@who.int","English","Online","OpenWHO","https://openwho.org/playlist/dedicated/499738/0_st7yq8gd/0_ab9vz8fn
",,
"Infodemic Management: Working effectively as an infodemic manager in the field","This course introduces learners to the work of an infodemic manager in the field, during health emergencies or in routine. It explains what the principles of this new kind of job are. It also allows learners to discover what tasks and challenges an infodemic manager needs to handle, and how to master them.","Risk communication and community engagement (RCCE)","Infodemic","Member states/ MoH/WHO staff","WHO","HQ/WHE/EPP","WHEtraining@who.int","English","Online","OpenWHO","https://openwho.org/playlist/dedicated/499738/0_npzy2jre/0_7debt56o",,
"Interregional Field Simulation Exercise (IFX) Programme for Rapid Response Mobile Labs","Rapid Response Mobile Laboratories (RRMLs) provide critical laboratory diagnostic support in crisis situations and are an important asset of the global emergency workforce. In 2018, the Health Emergencies Programme (WHE) at the WHO Regional Office for Europe established the RRML Network, driven by the European partner institutions of the Global Outbreak Alert and Response Network (GOARN), to advance and integrate RRMLs into existing preparedness and response structures and to standardize RRML operations in the field.","Laboratory","GOARN"," ","WHO","HQ/WHE/GOARN","goarn@who.int","English","In-person","GOARN"," "," ",
"Introducing Mental Health and Psychosocial Support (MHPSS) in emergencies","Strengthening the competencies of health sector actors working in emergencies, to establish, support and scale up Mental Health and Psychosocial Support in countries.","Health services provision","Mental health","Member states/ MoH/WHO staff","WHO","HQ/WHE","WHEtraining@who.int","English, Spanish, Polish, Ukrainian","Online","OpenWHO","https://openwho.org/playlist/dedicated/536361/0_fi0dbfix/0_blb84xc7
"," ",
"Introduction to Epidemic Intelligence from Open Sources","This series of videos provides an introduction to the EIOS Initiative and the EIOS System. This course provides an orientation of the key features and functionalities of the EIOS System.","Surveillance","IHR, surveillance","Health care workforce, public healht officers and policy makers/ Member states/ MoH/WHO staff","WHO","HQ/WHE/EIOS","eios@who.int","Arabic, English, French, Portuguese, Spanish","Online","WHO Academy","https://whoacademy.org/coursewares/course-v1:WHOAcademy-Hosted+H0119EN+2025_Q1?source=edX",,
"Introduction to IHR Monitoring and Evaluation","Build M&E capacities necessary to monitor implementation of IHR among member states. * ""The training will need to be updated to align with the IHR amendments when they enter into force"" ","Research & monitoring and evaluation","IHR","WHO and partners staff.","WHO","HQ/WHE",,"English","Online","HSLP ","https://extranet.who.int/hslp/training/enrol/index.php?id=345"," ",
"Introduction to Marburg Virus Disease","Overview of the signs, symptoms, transmission routes, diagnosis, and epidemiology of the disease. It also discusses prevention and control strategies.","Health emergency preparedness and response management","Marburg Virus","WHO staff","WHO","HQ/WHE","WHEtraining@who.int","English, Spanish, French, Dholuo, Kiswahili, Kirundi","Online","OpenWHO","https://openwho.org/media/MVD%20Module%201%3A%20Introduction/0_8004qjw3/536450
"," ",
"Introduction to Nipah virus disease","Discuss prevention and control strategies.","Health emergency preparedness and response management","Nipah virus","WHO staff/MoH/HCPs","WHO","HQ/WHE","WHEtraining@who.int","English","Online","OpenWHO","https://openwho.org/channel/Nipah+virus+disease/538567
"," ",
"Introduction to oxygen systems","The course provides an overview of medical oxygen systems, their ecosystem, life cycle, and global procurement challenges, with a focus on standards and ethical considerations.","Health services provision","Oxygen supply management","WHO staff/MoH/HCPs","WHO","HQ/WHE","WHEtraining@who.int","English","Online","OpenWHO","https://openwho.org/media/Oxygen%20ecosystem%20%20oxygen%20systems/0_gd4cunhh/500316",,
"Emergency Response Framework (ERF)","The Emergency Response Framework provides WHO staff with essential guidance on how the Organization manages the assessment, grading and response to public health events and emergencies with health consequences, in support of Member States and affected communities. Building on the principles of the ERF, this course provides an overview of WHO’s role in emergencies, the Incident Management System (IMS) and its key functions, and the process from verification to response to a public health emergency.","Health emergency preparedness and response management","WHO Emergency Framework","WHO staff","WHO","HQ/WHE","WHEtraining@who.int","English","Online","OpenWHO","https://openwho.org/channel/Emergency+Response+Framework/537832",,
"Introduction to the International Health Regulations (IHR)","This course, designed as an evolving scenario-based exercise in a fictional country, aims to equip participants with the knowledge needed to assess public health events and notify them to WHO as required under the International Health Regulations. * ""The training will need to be updated to align with the IHR amendments when they enter into force"" 
","IHR Coordination and National IHR Focal Point Functions","IHR","""National International Health Regulations Focal Points,WHO IHR Contact Points,  Other IHR stakeholders ""","WHO","HQ/WHE","whoasupport@who.int","English","Online","WHO Academy","https://web-staging.lxp.academy.who.int/coursewares/course-v1:WHOA+0092_IHR_EN+2024?from=discovery&amp;source=edX
",,
"Joint External Evaluation - Team Member Orientation","Describe the key steps of the Joint External Evaluation (JEE) process and the role of team members when facilitating technical discussions and drafting the Final Report","Research & monitoring and evaluation","JEE","JEE team members","WHO","HQ/WHE",,"English","Online","HSLP ","https://extranet.who.int/hslp/training/enrol/index.php?id=116"," ",
"Joint External Evaluation : Introduction","The course provides understanding of the JEE process, its objectives, principles, and methods. The course will also demonstrate how the JEE results can inform the strengthening of health security capacities and the development and implementation of the National Action Plan for Health Security (NAPHS).","Research & monitoring and evaluation","JEE"," Country teams, external experts and technical writers","WHO","HQ/WHE","WHEtraining@who.int","English","Online","OpenWHO","https://openwho.org/playlist/dedicated/501681/0_lse5ad3j/0_kdylw4pv",,
"Joint External Evaluation for Subject Matter Experts","This course aims to provide JEE subject matter experts (JEE SMEs) with an understanding of the JEE process, its objectives, principles, and methods. The course provides an in-depth focus on the role of JEE SMEs in conducting an effective evaluation and writing technical area reports.","Research & monitoring and evaluation","JEE"," JEE subject matter experts (JEE SMEs)","WHO","HQ/WHE","WHEtraining@who.int","English","Online","OpenWHO","https://openwho.org/playlist/dedicated/501681/0_kgk6qf51/0_hw05biam",,
"Joint External Evaluation for Technical Writers","This course aims to provide technical writers with an understanding of the JEE process, its objectives, principles, and the importance of coming up with a JEE report that reflects the results of the evaluation.","Research & monitoring and evaluation","JEE","Technical writers","WHO","HQ/WHE","WHEtraining@who.int","English","Online","OpenWHO","https://openwho.org/playlist/dedicated/501681/0_emyia387/0_6htlnfwz
",,
"Laboratory Quality Management System - Basics","Aimed to the laboratorian who wants to acquire knowledge about five of the building blocks considered as the basics of a laboratory quality management system.","Laboratory","Laboratory quality","Laboratory managers, senior biologists and technologists","WHO","HQ/WHE",,"English, French, Russian, Spanish","Online","HSLP ","https://extranet.who.int/hslp/training/course/index.php?categoryid=41",,
"Laboratory Quality Management System Training Toolkit","Intend to provide comprehensive materials that will allow for designing and organizing training workshops for all stakeholders in health laboratory processes, from management, to administration, to bench-work laboratorians.","Laboratory","Laboratory quality","Public health institutions (schools of medicine, public health, etc.), ministries and other organizations","WHO","HQ/WHE",,"English","Training toolkits and packages","HSLP ","https://extranet.who.int/hslp/content/LQMS-training-toolkit",,
"Lassa fever Introduction","General introduction to Lassa fever through a downloadable presentation that can be reviewed at your own pace and quizzes to test your knowledge","Health services provision","Lassa fever","WHO staff/MoH/HCPs","WHO","HQ/WHE","WHEtraining@who.int","English, French","Online","OpenWHO","https://openwho.org/playlist/dedicated/538566/0_0p8pqfkf/0_konoi3f8"," ",
"Leadership in Emergencies Phase 1","Personal leadership development in emergency setting. The phase one includes online self-paced learning (https://openwho.org/channel/Ready4Response/494536) and eight weeks of online classes focused on developing leadership skills.","Leadership ","Leadership in emergencies","MoH and WHO (emergencies) staff: Incident Manager, Health Cluster Coordinator and Function Team Leads","WHO","HQ/WHE/LCD","whetraining@who.int","English","Online"," "," ",,
"Leadership in Emergencies Phase 2","The phase 2 course consists of two elements; an online module and a face-to-face workshop ","Leadership ","Leadership in emergencies","MoH and WHO (emergencies) staff: Incident Manager, Health Cluster Coordinator and Function Team Leads","WHO","HQ/WHE/LCD","whetraining@who.int","English","Blended"," "," ",,
"Learning package for Rapid Response Teams in the context of COVID-19 in India","Short course for COVID-19 rapid response team in India and provides basic information emergency response through five modules.","Health emergency preparedness and response management","COVID-19","COVID-19 Responders in India","WHO","SEARO/WCO/INDIA","WHEtraining@who.int","English","Online","OpenWHO","https://openwho.org/playlist/dedicated/528113/0_gdfrptxs/0_fe1db3j1",,
"Management and Facilitation of a Country COVID-19 Intra-Action Review (IAR)","WHO has developed a Guidance for Conducting a Country COVID-19 Intra-Action Review (IAR) and ten accompanying tools for countries to conduct periodic reviews of their response during this public health emergency of international concern (PHEIC)","Research & monitoring and evaluation","IAR","WHO staff/MoH/HCPs","WHO","HQ/WHE","WHEtraining@who.int","Arabic, English, Kazakh, Spanish, Portuguese, Russian, Tajik","Online","OpenWHO","https://openwho.org/playlist/dedicated/552620/0_dahrllhn/0_xerri6jz"," ",
"Management and Facilitation of an After Action Review AAR","Introduction to the management and the facilitation of an After Action Review (AAR) following the response to an event of public health concern","Research & monitoring and evaluation","AAR","WHO staff","WHO","HQ/WHE","WHEtraining@who.int","English","Online","OpenWHO","https://openwho.org/playlist/dedicated/496674/0_bmn0kb3y/0_rvnw5fvh"," ",
"Management of ill travelers at points of entry in the context of the COVID-19 outbreak","Outline the core capacities and mechanisms to be in place for managing ill travelers suspected to have COVID-19 at points of entry and on conveyances of all types. * ""The training will need to be updated to align with the IHR amendments when they enter into force"" ","Points of entry (PoEs) and border health","COVID-19","National IHR Focal Points, public health authorities and operators at Points of Entry, conveyance operators, other stakeholders involved in managing public health events at Points of Entry","WHO","HQ/WHE",,"Arabic, English, French, Russian","Online","HSLP ","https://extranet.who.int/hslp/training/course/view.php?id=325",,
"Mass Casualty Management","This course equips participants with the knowledge and skills to effectively manage mass casualty incidents. It covers key aspects such as preparedness, response, and recovery based on the emergency unit’s mass casualty management plan. Participants will learn how to assign staff roles, coordinate internal and external communication, and ensure smooth patient flow. The training also focuses on mobilizing necessary equipment and supplies, managing crowds and conflicts, and continuously improving processes through performance analysis.","Health emergency preparedness and response management","Mass casualty management","Professionals in EMT or Emergency Unit","WHO","WHO Academy","whoasupport@who.int","English","Online","WHO Academy","https://whoacademy.org/coursewares/course-v1:WHOA+0002_MCM_EN+2025?source=edX"," ",
"Monitoring and evaluation of national action plans on antimicrobial resistance
","The aim of this course is to provide guidance for countries on the monitoring and evaluation of national action plans on antimicrobial resistance (AMR NAPs).
","Research & monitoring and evaluation","M&E","AMR multisectoral coordination committee or working group, persons responsible for M&E in AMR NAPs ","WHO","HQ/AMR","whoasupport@who.int","English","Online","WHO Academy","https://web-staging.lxp.academy.who.int/coursewares/course-v1:WHOAcademy-Hosted+H0041EN+H0041EN_Q4_2024?source=edX
",,
"Mpox and the 2022-2023 global outbreak","This course provides a brief overview of mpox, including new insights on transmission, clinical presentation, preventive measures and outbreak response.","Health emergency preparedness and response management","Monkeypox","Health workers and public ","WHO","HQ/WHE/EPP","WHEtraining@who.int","English, French, Spanish","Online","OpenWHO","https://openwho.org/playlist/dedicated/503162/0_db1xy1c7/0_p02ol27o
",,
"Mpox: Epidemiology, preparedness and response for African outbreak contexts","Understand the epidemiology, modes of transmission, clinical presentation, diagnostics, and treatment of mpox, as well as the strategies needed for effective prevention and outbreak investigation and response.","Health emergency preparedness and response management","Monkeypox","Public health professionals/HCPs","WHO","HQ/WHE","WHEtraining@who.int","Arabic, Chinese, English, French, Portuguese, Russian, Spanish","Online","OpenWHO","https://openwho.org/playlist/dedicated/503162/0_2y98iloq/0_25is3ot2"," ",
"Mpox: Introductory course for African outbreak contexts","Provide a general introduction to the disease through a video and accompanying downloadable presentation that can be reviewed at your own pace","Health emergency preparedness and response management","Monkeypox","Public health professionals/HCPs","WHO","HQ/WHE","WHEtraining@who.int","English","Online","OpenWHO","https://openwho.org/playlist/dedicated/503162/0_k5teeccu/0_mtu9ipu1"," ",
"Multi-Hazard Response Framework: Hospital Planning for Health Emergency and Disaster Response","Provide personnel with the knowledge, contents and methodology for planning hospital response to health emergencies and disasters","Health services provision","Hospital planning for emergencies","WHO staff","WHO","PAHO/Virtual campus for public health ","https://campus.paho.org/en/contact","Spanish","Online","Virtual campus for public health","https://www.campusvirtualsp.org/es/node/30623",,
"National Action Plans for Health Security (NAPHS)","This introductory level course provides a general overview of the National Action Planning for Health Security (NAPHS) process and methodology. This includes the critical steps necessary to support the development, implementation & monitoring of 5-year strategic NAPHS as well as 12/24 month operational NAPHS.","Health emergency preparedness and response management","NAPHS","Member states/ MoH/WHO staff","WHO","HQ/WHE/HSP","WHEtraining@who.int","English","Online","OpenWHO","https://openwho.org/playlist/dedicated/500114/0_xiddrvt4/0_0ft4cjao",,
"National health emergency risk communication: training package","The capacity-building package on ERC in five steps to support country development or strengthening of ERC under IHR. The five-step package is a unique, sustained, country-tailored capacity-building project in ERC. It comprises: 1. Training 2. Capacity mapping 3. Plan writing 4. Plan testing 5. Plan adoption.","Risk communication and community engagement (RCCE)","RCCE","WHO staff/MoH/HCPs","WHO","EURO/WHE/RCCE-IM",,"English","Training toolkits and packages",,"https://www.who.int/europe/publications/i/item/WHO-EURO-2018-2993-42751-59637",,
"National IHR Focal Point Workshop","Workshop to build the capacity of NFPs in event detection, verification and risk assessment. * ""The training will need to be updated to align with the IHR amendments when they enter into force"" ","IHR Coordination and National IHR Focal Point Functions","IHR","NFPs","WHO","HQ/WHE",,"English","In-person",,,,
"Next Generation Sequencing (NGS) for Influenza and SARS-CoV-2: From Sample Collection to Analysis","This course explained the end-to-end workflow of NGS, from sample preparation to the upload of genomic sequencing data to public-domain or public-access databases.","Laboratory","Influenza","Laboratory scientists and technicians, laboratory managers and directors who make policies and protocols for their laboratories, and bioinformatics scientists ","WHO","HQ/WHE","WHEtraining@who.int","English","Online","OpenWHO","https://openwho.org/playlist/dedicated/529855/0_5c4mlcg4/0_cv4xqt8h",,
"ONE HEALTH: Basics of multisectoral collaboration at the Human - Animal - Environment interface","Intended to provide comprehensive materials that will allow for designing and organizing training workshops for all stakeholders in health laboratory processes, from management, to administration, to bench-work laboratorians.","Health emergency preparedness and response management","One Health","Professionals from human, animal or environmental health sectors ","WHO","HQ/WHE","whoasupport@who.int","English","Online"," WHO Academy","https://web-staging.lxp.academy.who.int/coursewares/course-v1:WHOA+0094_OH_EN+2024?from=discovery&amp;source=edX
"," ",
"Operational Considerations for Managing COVID-19 Cases and Outbreaks in Aviation","Draft an airport public health contingency plan for managing COVID-19 cases and outbreaks in aviation","Points of entry (PoEs) and border health","IHR","National IHR Focal Points (NFPs), airport health authorities and local, provincial, and national health surveillance and response systems, civil aviation authorities, airport operators, aircraft operators, airports, and airlines.","WHO","HQ/WHE",,"English","Online","HSLP ","https://extranet.who.int/hslp/training/enrol/index.php?id=328"," ",
"Operational Considerations for Managing COVID-19 Cases and Outbreaks on Board Ships","Draft an outbreak management plan for managing COVID-19 cases and outbreaks onboard ships. * ""The training will need to be updated to align with the IHR amendments when they enter into force"" ","Points of entry (PoEs) and border health","IHR","National IHR Focal Points, Port health authorities (PHAs) and local, provincial, and national health surveillance and response systems, ship operators and port operators.","WHO","HQ/WHE",,"English","Online","HSLP ","https://extranet.who.int/hslp/training/enrol/index.php?id=326"," ",
"Operational Planning Guidelines for COVID-19 for UNCT and other partners","Operationalize the strategic plan for the COVID 19 outbreak","Health emergency preparedness and response management","COVID-19","Member states/ MoH/WHO staff","WHO","PAHO/Virtual campus for public health ","https://campus.paho.org/en/contact","Spanish","Online","Virtual campus for public health","https://www.campusvirtualsp.org/es/node/28952",,
"Orientation on the relevance of gender for health emergencies","4/5 hr orientation for WHE staff working at country level, to introduce key concepts and tools available to operationalize a gender analysis within health emergency preparedness and repsonse programming. ","Health emergency preparedness and response management","Gender and health emergencies","WHE Staff","WHO","HQ/WHE",,"English","Blended"," "," ","2 pilot sesions held in Turkey in 2022, more forthcoming in 2023. ",
"Orientation to International Outbreak Response with GOARN/WHO","This course introduces participants to the opportunities, processes, challenges and realities of working as part of an international multidisciplinary outbreak response team on a GOARN deployment with the World Health Organisation (WHO). This course also details the step involved to apply for deployment and introduces concepts for adapting specialized technical public health skills in a field-setting.","Health emergency preparedness and response management","Outbreak Response","GOARN Partners; MoH; Local Responders","WHO","HQ/WHE/GOARN","goarn@who.int","English","Blended","GOARN"," "," ",
"Preparedness and Resilience for Emerging Threats (PRET)","The resources provided through WHO’s PRET - Preparedness and Resilience for Emerging Threats initiative support countries in updating their pandemic plans by incorporating lessons from recent events. These resources leverage the current global momentum and adopt a &quot;mode of transmission lens&quot; to guide preparedness efforts.

The first PRET module specifically addresses preparation for respiratory pathogens.","Health emergency preparedness and response management","Pandemic planning","WHO/MoH","WHO","HQ/WHE","WHEtraining@who.int","English","Online","OpenWHO","https://openwho.org/playlist/dedicated/536083/0_aht29z8m/0_9w81mlf1",,
"Personal well-being for deployment","This eModule will detail the importance and possible ways of building resilience to cope with stress and hardship. It will introduce the mental and physical well-being considerations for pre-, during and post-deployment.  The module will give you the tools you need to assume responsibility for your personal well-being and to facilitate well-being initiatives. You will also receive practical advice from former deployees for pre-, during and post-deployment. You will be able to apply resilience strategies and tools adapted to your individual needs to enhance your resilience for deployments.  ","Health emergency preparedness and response management","Outbreak Response; wellbeing","GOARN Partners; MoH; Local Responders","WHO","HQ/WHE/GOARN","goarn@who.int","English","Online","GOARN","https://goarnlms.org/group/49"," ",
"Prevention & response to sexual exploitation & abuse for public health practitioners in Ukraine","This course teaches the basics on PRSEAH including the 6 core principles, accountability frameworks and how to support a survivor/victim in the Ukraine emergency operation.","Health emergency preparedness and response management","PRSEAH","Public health workers in Ukraine","WHO","HQ/WHE","WHEtraining@who.int","English","Online","OpenWHO","https://openwho.org/channel/PRSEAH+for+public+health+practitioners+in+Ukraine/527797",,
"Ready4Response Tier 1: Response context and principles","Ready4Response is a multi-tiered core curriculum that aims to develop consistent learning standards across the emergency response workforces at national level. It equips participants with essential competencies needed to work within public health emergency response.","Health emergency preparedness and response management","Emergency Response","Member states/ MoH/WHO staff","WHO","HQ/WHE","WHEtraining@who.int","English, French, Ukrainian","Online","OpenWHO","https://openwho.org/playlist/dedicated/494536/0_zaoidkyu/0_08q2gf61
",,
"Ready4Response Tier 2: Systems, structures and skills","Tier 2 focuses on the Incident Management System (IMS) and its core functions. It also examines core skills required to work effectively in a response team and describes the basic principles of risk management.","Health emergency preparedness and response management","Emergency Response","Member states/ MoH/WHO staff","WHO","HQ/WHE","WHEtraining@who.int","English, French, Ukrainian","Online","OpenWHO","https://openwho.org/playlist/dedicated/494536/0_a0z75vwt/0_loggfb63",,
"Regulatory preparedness to authorize the use of pandemic vaccines in importing countries
","This course offers opportunities to practise the core competencies required to make timely, effective decisions during a public health emergency, without compromising quality, through multiple choice questions, exploratory tasks, reflection, self-assessment and case studies. 
","Health emergency preparedness and response management","Regulations for Vaccines","National regulatory authorities (NRAs) of medical product registration, National disease control authorities handling disease control and public health emergency response, National immunization programmes in charge of vaccine deployment, and WHO staff","WHO","HQ/WHE","whoasupport@who.int","English","Online","WHO Academy","https://web-staging.lxp.academy.who.int/coursewares/course-v1:WHOA+0027_REGPREP_EN+2023?from=discovery&amp;source=edX
",,
"Response Preparedness for Zoonotic Disease Outbreaks Using a One-Health Approach","Introduces the concepts of the coordinated response to manage zoonotic disease outbreaks between sectors for animal health, public health and the environment as well as other relevant stakeholders. In addition, it fosters understanding of the diverse perspectives of different stakeholders during an outbreak response.","Zoonotic diseases","One Health","Member States, One health stakeholders","WHO","HQ/WHE","WHEtraining@who.int","English","Online","OpenWHO","https://openwho.org/playlist/dedicated/525718/0_drmgsh37/0_7hsnn5w1
",,
"Risk communication essentials","In this set of 5 modules, we will look at: what is risk communication and why it is important; key elements of risk communication; risk communication capacities, such as policy, strategies and evaluation; SOCO, spokesperson tips and message development; and exercises and ways they can be used to test preparedness in communicating risks.","Risk communication and community engagement (RCCE)","Risk communication","Member states/ MoH/WHO staff","WHO","HQ/WHE/CRS","WHEtraining@who.int","English","Online","OpenWHO","https://openwho.org/playlist/dedicated/501691/0_8e5kljir/0_2q00gfhv",,
"SARS-CoV-2 antigen rapid diagnostic testing","All personnel performing SARS-CoV-2 antigen rapid diagnostic tests (Ag-RDT) need to understand how to safely perform testing, ensure quality testing and interpret results. This course was developed by WHO and FIND, the global alliance for diagnostics, to provide theoretical knowledge on SARS-CoV-2 Ag-RDT testing","Laboratory","COVID-19","Member states/ MoH/WHO staff","WHO","HQ/WHE","WHEtraining@who.int","Arabic,English,  Kazakh, Portuguese , Russian, Spanish, Tajik ","Online","OpenWHO","https://openwho.org/playlist/dedicated/529855/0_9v311fgo/0_tkgay1wn",,
"Strengthening collaboration between human and animal health sectors for improved health security","This course provides insight into some of WHO’s work at the animal-human-environment interface, including National Bridging Workshops (NBWs), field simulation exercises, tripartite guidance and practical tools aimed to support countries in the operationalization of One Health mechanisms at their level.","Health emergency preparedness and response management","One Health","Member states/ MoH/WHO staff","WHO","HQ/WHE","WHEtraining@who.int","English","Online","OpenWHO","https://openwho.org/playlist/dedicated/525718/0_frz2e7kc/0_e9jqd26k",,
"Strengthening the health sector's role in the sound management of chemicals
","Learn about raising awareness on the health impacts of chemicals and empowering the health professional’s role in the sound management of chemicals.
","Chemical, biological, radiological and nuclear emergencies","Management of chemicals"," Health and related professionals involved in the sound management of chemicals.","WHO","HQ/WHO Academy","whoasupport@who.int","English","Online","WHO Academy","https://web-staging.lxp.academy.who.int/coursewares/course-v1:WHOA+0033_CMM_EN+2023?from=discovery&amp;source=edX
",,
"The Joint Risk Assessment (JRA OT): A Training for Implementers","Participants will explore the step-by-step process for setting up the JRA for zoonotic diseases, conducting the technical risk assessment, and translating results to risk management options and communication needs. The JRA OT allows decision-makers to build and implement science-based risk management measures that are aligned between sectors and implemented jointly.","Zoonotic diseases","Risk assessment, One health","Member states/ MoH/WHO staff","WHO","HQ/WHE","WHEtraining@who.int","English","Online","OpenWHO","https://openwho.org/media/JRA%20Training%20for%20implementers%3A%20Overview%20/0_5wvf6ayl/525718",,
"The Role of Parliaments and Parliamentarians in Strengthening Health Security Preparedness","These video resources provides you an in-depth understanding of how parliamentarians can utilize their diverse roles and positions to advocate, lead, and prioritize improved emergency preparedness and health security.","Leadership ","Parliaments in health security","Parliamentarians","WHO","HQ/WHE","WHEtraining@who.int","English, transcripts available in all official UN languages ","Online","OpenWHO","https://openwho.org/playlist/dedicated/538740/0_q449ey6u/0_iq88tn96","Subtitle availabe in all official UN language",
"Use of Epidemic Intelligence systems with a particular focus on event-based surveillance for pandemic preparedness","This course includes different approaches on Epidemic Intelligence with examples drawn from the work of the World Health Organization (WHO), the European Centre for Disease Prevention and Control (ECDC), the United States Centers for Disease Control and Prevention (US CDC) and the Italian Istituto Superiore di Sanità (ISS). This course aims to support the creation of a culture of epidemic intelligence and increase awareness of the WHO Epidemic Intelligence from Open Sources (EIOS) initiative that could bridge access to Member States for Strengthening their epidemic Intelligence capacity.","Surveillance","IHR, surveillance","Health care workforce, public healht officers and policy makers/ Member states/ MoH/WHO staff","WHO","HQ/WHE/EIOS","eios@who.int","English","Online","WHO Academy","https://whoacademy.org/coursewares/course-v1:WHOAcademy-Hosted+H0118EN+2025_Q1?source=edX",,
"Wheelchairs in emergencies
","This course teaches how to provide wheelchairs in emergencies following four service steps
","Health emergency preparedness and response management","Assistive products in emergencies ","Health workers , first responders,  carers ","WHO","HQ/WHE","whoasupport@who.int","English","Online","WHO Academy","https://web-staging.lxp.academy.who.int/coursewares/wheelchairs-in-emergencies-en?source=gateway ",,
"WHO costing and budgeting tool for national action plans on antimicrobial resistance
","The aim of this course is to introduce the WHO costing and budgeting tool for national action plans on antimicrobial resistance (AMR).
","Project management","Costing","Healthcare workers","WHO","HQ/AMR","whoasupport@who.int","English, French, Spanish","Online","WHO Academy","https://web-staging.lxp.academy.who.int/coursewares/course-v1:WHOAcademy-Hosted+H0043EN+H0043EN_Q4_2024?source=edX
",,
"WHO Standard Operating Procedures (SOPs) for Emergencies","This course on WHO Standard Operating Procedures (SOPs) for Emergencies is designed for personnel who will be assigned by WHO to go on deployment in response to health emergencies. It covers all the essential areas of WHO administrative procedures in response to health emergencies.","Human resources","SOPs for Emergencies","WHO staff /consultants/ Member states ","WHO","HQ/WHE","WHEtraining@who.int","English","Online","OpenWHO","https://openwho.org/channel/WHO+Standard+Operating+Procedures+for+Emergencies/495160",,
"WHO/ICRC Basic Emergency Care: Conflict-Related Injuries","The course support the delivery of quality emergency care for patients with conflict-related trauma, covering penetrating injury, blast injury and burns. The content is meant to be used as refresher material or as a ‘just-in-time' educational resource.","Health services provision","Clinical care","Frontline medical staff (physicians, nurses, emt)","WHO","HQ/WHE","WHEtraining@who.int","English","Online","OpenWHO","https://openwho.org/playlist/dedicated/537171/0_an1ufwse/0_tk4xv7rb",,
"WHO-ICRC Basic Emergency Care: approach to the acutely ill and injured","The Basic emergency care (BEC) course teaches a systematic approach to the initial assessment and management of time-sensitive critical conditions where early intervention saves lives. The goal of these modules is to prepare and support all health providers as they provide emergency care to seriously ill patients.","Health services provision","Clinical care","Frontline medical staff (physicians, nurses, emt)","WHO","HQ/WHE","WHEtraining@who.int","English","Online","OpenWHO","https://openwho.org/playlist/dedicated/537171/0_7mm5wr4l/0_lic60gzx",,
"Kazakhstan Country-Focused Leadership in Emergencies Course","This course is adapted from the Leadership in Emergencies and is the first multisector country-level Leadership in Emergencies course. The course is designed for 5 days aimed at enhancing critical non-technical skills essential for effective emergency management, such as team coordination, problem-solving, decision-making, and effective communication and negotiation with various stakeholders. ","Leadership ","Leadership in emergencies","Managers from relevant sectors involved in emergencies at the country level","WHO","HQ/WHE/LCD","WHEtraining@who.int","English, Kazakh","In-person",,,,
"An integrated approach to building health systems resilience","Explore key requirements for enabling health system resilience with an integrated systems approach.","Health emergency preparedness and response management","Health system resilience","WHO staff/MoH/HCPs","WHO","HQ/WHE",,"English","Online","WHO Academy","https://web-staging.lxp.academy.who.int/coursewares/course-v1:WHOAcademy-Hosted+H0060EN+H0060EN_Q4_2024?source=edX",,
"Advancing national civil-military collaboration to strengthen health emergency preparedness","The aim of the course is to provide the public health sector and military actors and services at the national level with guidance for establishing, advancing, and maintaining collaboration and coordination, with the focus on country core capacities required to effectively prevent, detect, respond to, recover from and build back better after health emergencies.","Health emergency preparedness and response management","Civil-military collaboration","Member states/ MoH/WHO staff","WHO","HQ/WHE/HSP","WHEtraining@who.int","English, transcripts available in all official UN languages","Online","OpenWHO","https://openwho.org/playlist/dedicated/527251/0_5qpallbj/0_iq88tn96",,
"An introduction to the people-centred approach to addressing antimicrobial resistance in human health
","The aim of this course is to introduce the concept and content of the WHO people-centred approach to addressing antimicrobial resistance (AMR) in the human health sector.
","Health emergency preparedness and response management","AMR","National and subnational policy-makers responsible for prioritizing and leading AMR interventions in the human health sector","WHO","HQ/AMR","whoasupport@who.int","English","Online","WHO Academy","https://web-staging.lxp.academy.who.int/coursewares/course-v1:WHOAcademy-Hosted+H0040EN+H0040EN_Q4_2024?from=discovery&amp;source=edX
",,
"Antimicrobial Stewardship: A competency-based approach
","This course will equip clinicians who frequently prescribe antimicrobials with knowledge and tools to improve their use of these essential medications in daily clinical practice.
","Health services provision","Antimicrobial Stewardship","Clinicians","WHO","HQ/AMR","whoasupport@who.int","English","Online","WHO Academy","https://web-staging.lxp.academy.who.int/coursewares/course-v1:WHOAcademy-Hosted+H0098EN+H0098EN_Q4_2024?source=edX
",,
"Assistive products in emergencies
","This module provides an introduction to assistive products in emergencies.
","Health emergency preparedness and response management","Assistive products in emergencies ","Health workers , first responders,  carers ","WHO","HQ/WHE","whoasupport@who.int","English","Online","WHO Academy","https://web-staging.lxp.academy.who.int/coursewares/assistive-products-in-emergencies-en?source=gateway",,
"Avian and other zoonotic influenza: Introduction","This course gives an overview of the key information on animal influenza, human cases, and elements of prevention, preparedness and response to human cases.","Zoonotic diseases","Influenza","Member states/ MoH/WHO staff","WHO","HQ/WHE","WHEtraining@who.int","English","Online","OpenWHO","https://openwho.org/media/Introduction%20Zoonotic%20Influenza/0_cq1foy2r/503150
",,
"Basic Emergency Care Provider Course","Emergency care providers must respond to ‘undifferentiated’ patients, those with acute symptoms for which the cause may not be known. This course introduces a systematic approach to managing acute, potentially life-threatening conditions even before a diagnosis is known, this clinical training aimed at frontline providers (doctors, nurses, clinical officers) who by necessity provide emergency care at their facilities, but have received little or no formal training in the field. The BEC course is traditionally taught over four and a half days, with a final written assessment given on the remaining half day. The course covers five major modules: The ABCDE approach, Trauma, Difficulty in Breathing, Shock, and Altered Mental Status. Each core component re-emphasizes the ABCDE approach as it relates to the management of varied emergency conditions. Participants are assessed using pre- and post-course multiple choice exams, skills performance, attendance, and the ability to manage patient case scenarios. The pre-course exam provides a means of baseline assessment, and is reviewed with the students for educational purposes. ","Health services provision","Clinical care","Frontline medical staff (physicians, nurses, emt)","WHO","HQ/WHE",,"English","In-person",,,,
"Basic Precautions: Hand Hygiene (COVID-19)","Demonstrate the WHO correct ways to wash hands","Infection prevention and control (IPC) & safe environment in health facilities","COVID-19","WHO staff/MoH/HCPs","WHO","PAHO/Virtual campus for public health ","https://campus.paho.org/en/contact","Spanish","Online","Virtual campus for public health","https://www.campusvirtualsp.org/es/node/29045",,
"CBDE Awareness: Recognizing Signs of Deliberate Release of Chemical or Biological Agents","Ensure that all participants recognize possible deliberate events with chemical or biological agents and know the different response types this will require compared to other emergencies.","Chemical, biological, radiological and nuclear emergencies","CBRN","WHO staff and emergency responders ","WHO","HQ/WHE","WHEtraining@who.int","English","Online","OpenWHO","https://openwho.org/playlist/dedicated/501116/0_gax9z8nk/0_31qixco6",,
"CBDE: Preparedness for Health First Responders","Provide them with basic training on managing and responding to a CBDE by looking at it from a health first-responder angle.","Chemical, biological, radiological and nuclear emergencies","CBRN","Public health professionals/HCPs","WHO","HQ/WHE","WHEtraining@who.int","English","Online","OpenWHO","https://openwho.org/playlist/dedicated/501116/0_w27tnxn2/0_bfjewsep",,
"CBDE: Preparedness for Public Health Professionals","Address some common misperceptions about Chemical and Biological Deliberate Events","Chemical, biological, radiological and nuclear emergencies","CBRN","Public health professionals ","WHO","HQ/WHE","WHEtraining@who.int","English","Online","OpenWHO","https://openwho.org/playlist/dedicated/501116/0_y3z538el/0_vv1olcc3",,
"Chemical Hazards Part I: An Introduction to Chemical Hazards
","This online learning programme is designed to address this important issue by introducing learners to types of chemical hazards and examples of chemical incidents from history.
","Chemical, biological, radiological and nuclear emergencies","Management of chemicals","First responders and clinicians, including doctors and nurses. This includes people who would be first on a scene at a chemical incident, such as fire fighters, police officers, paramedics, hospital management staff, and more. ","WHO","HQ/WHO Academy","whoasupport@who.int","English","Online","WHO Academy","https://whoacademy.org/coursewares/course-v1:WHOA+0037A_CHEMHAZ_EN+2024?source=edX",,
"Chemical Hazards Part II: Elements for Assessment
","This online learning programme is designed to enable practice in the investigation of chemical incidents.
","Chemical, biological, radiological and nuclear emergencies","Management of chemicals","First responders and clinicians, including doctors and nurses. This includes people who would be first on a scene at a chemical incident, such as fire fighters, police officers, paramedics, hospital management staff, and more. ","WHO","HQ/WHO Academy","whoasupport@who.int","English","Online","WHO Academy","https://whoacademy.org/coursewares/course-v1:WHOA+0037B_CHEMHAZ_EN+2024?source=edX",,
"Chemical Hazards Part III: Immediate Actions at the Event Site
","This online learning programme is designed to enable practice in the actions to take at a chemical incident site. 
","Chemical, biological, radiological and nuclear emergencies","Management of chemicals","First responders and clinicians, including doctors and nurses. This includes people who would be first on a scene at a chemical incident, such as fire fighters, police officers, paramedics, hospital management staff, and more. ","WHO","HQ/WHO Academy","whoasupport@who.int","English","Online","WHO Academy","https://whoacademy.org/coursewares/course-v1:WHOA+0037C_CHEMHAZ_EN+2024?source=edX",,
"Chemical, Biological, Radiological and Nuclear (CBRN) considerations in Mass Gatherings","Describe the basics of CBRN incidents, CBRN risk assessment and CBRN incidents management, including Emergency Medical Team's (EMT) role","Chemical, biological, radiological and nuclear emergencies","CBRN","Public health professionals, mass gatherings organizers, public safety and other multi-sectoral emergency planners and responders involved in the planning of delivery of a Mass Gathering event.","WHO","HQ/WHE",,"English","Online","HSLP ","https://extranet.who.int/hslp/training/enrol/index.php?id=388",,
"Cholera Outbreaks: Emergency Preparedness and Response","This course outlines the objectives of a cholera outbreak response, how to detect and confirm cholera outbreaks and how to effectively organize the response including describing control measures. It also describes steps to take to be better prepared to respond to cholera outbreaks. Good preparedness leads to faster more effective outbreak response.","Health emergency preparedness and response management","Cholera","Member states/ MoH/WHO staff","WHO","HQ/WHE","WHEtraining@who.int","English, Pashto","Online","OpenWHO","https://openwho.org/playlist/dedicated/493105/0_txbklgi0/0_rusjh8yz
",,
"Clinical management of COVID-19 respiratory equipment","Developed due to the enormous emphasis placed on need for safe provision of oxygen to patients with COVID-19, but can be used for conditions beyond COVID-19.","Health services provision","COVID-19","WHO staff/MoH/HCPs","WHO","HQ/WHE/HSP","WHEtraining@who.int","English","Online","OpenWHO","https://openwho.org/playlist/dedicated/529855/0_hor2h1ly/0_jdpzzxap",,
"Clinical management of patients with COVID19 General considerations","Presentations address all aspects of clinical management, including facility preparation and surge planning","Health services provision","COVID-19","Member states/ MoH/WHO staff","WHO","HQ/WHE","WHEtraining@who.int","English, Russian","Online","OpenWHO","https://openwho.org/playlist/dedicated/500316/0_5lox1o7u/0_tu656kc3",,
"Clinical management of patients with COVID19 Initial approach to the acutely ill patient","Goal of these modules is to prepare and support health providers as they provide emergency care to seriously ill patients.","Health services provision","COVID-19","WHO staff/MoH/HCPs","WHO","HQ/WHE","WHEtraining@who.int","English, Russian","Online","OpenWHO","https://openwho.org/playlist/dedicated/500316/0_xfe055ah/0_sgcgs6yg",,
"Clinical management of patients with COVID19 Investigations and care for mild moderate and severe disease","Provide an overview of the investigations and management strategies in caring for patients with mild, moderate, and severe COVID-19 ","Health services provision","COVID-19","WHO staff/MoH/HCPs","WHO","HQ/WHE","WHEtraining@who.int","English, Russian","Online","OpenWHO","https://openwho.org/playlist/dedicated/500316/0_5f1x2wvv/0_jlfj5odb",,
"Clinical management of patients with COVID19 Rehabilitation of patients with COVID19","Presentations address all aspects of clinical management, including facility preparation and surge planning","Health services provision","COVID-19","Member states/ MoH/WHO staff","WHO","HQ/WHE","WHEtraining@who.int","Armenian, Chinese, English, French, Macedonian, Russian, Ukrainian","Online","OpenWHO","https://openwho.org/playlist/dedicated/500316/0_ic95heel/0_ebpgu9oh",,
"Controlling the Spread of COVID-19 at Ground Crossings","Manage an outbreak of COVID-19 disease on board a ship","Points of entry (PoEs) and border health","COVID-19","National IHR Focal Points, Port health authorities (PHAs) and local, provincial, and national health surveillance and response systems, ship operators and port operators.","WHO","HQ/WHE",,"English","Online","HSLP ","https://extranet.who.int/hslp/training/enrol/index.php?id=333",,
"COVID-19 Simulation Exercises Packages","To support countries' COVID-19 preparedness efforts, the Department of Health Security Preparedness at WHO headquarters has developed various COVID-19 Tabletop Exercise (TTX) and Drill (DR) packages.","Research & monitoring and evaluation","COVID-19","WHO staff/MoH/HCPs","WHO","HQ/WHE","cer@who.int","English","Training toolkits and packages","Webpage","https://www.who.int/emergencies/diseases/novel-coronavirus-2019/training/simulation-exercise",,
"COVID-19: Putting on and Taking off Personal Protective Equipment (PPE)","Demonstrate the correct way to put on and take off PPE and sanitize hands","Infection prevention and control (IPC) & safe environment in health facilities","PPE","WHO staff/MoH/HCPs","WHO","HQ/WHE","https://campus.paho.org/en/contact","Spanish","Online","Virtual campus for public health","https://www.campusvirtualsp.org/es/node/29023",,
"COVID-19: risk communication and community engagement","This infodemic management course applies evidence-based guidance to the COVID-19 pandemic. It covers key risk communication and community engagement (RCCE) principles and illustrates how they can be operationalized in the context of an extended outbreak that affects different populations with varying risk levels.","Risk communication and community engagement (RCCE)","RCCE","Member states/ MoH/WHO staff","WHO","HQ/WHE","WHEtraining@who.int","English, Ukrainian","Online","OpenWHO","https://openwho.org/playlist/dedicated/529855/0_bth07gtj/0_wlhik4bk",,
"Early Warning and Response Training","The course covered concepts and methods for EWRS, including inter-sectoral collaboration for EWRS","Surveillance","EWARS","Ministry of Health officials","WHO","HQ/WHE",,"English","In-person",,,,
"Ebola - Entry Screening at Ports, Airports and Land Crossings","Identify key steps for planning entry screening at selected points of entry.","Points of entry (PoEs) and border health","Ebola","Professionals from National IHR Focal Points (NFPs), health authorities, staff working at points of entry (POE).","WHO","HQ/WHE",,"English","Online","HSLP ","https://extranet.who.int/hslp/training/enrol/index.php?id=103",,
"Ebola - Exit Screening at Ports, Airports and Land Crossings","Identify key steps for planning and Implementing exit screening process at selected terminals or facilities","Points of entry (PoEs) and border health","Ebola","Professionals from National IHR Focal Points (NFPs), health authorities, staff working at points of entry (POE).","WHO","HQ/WHE",,"English","Online","HSLP ","https://extranet.who.int/hslp/training/enrol/index.php?id=98",,
"Ebola and Marburg diseases screening and treatment center design","In this course, we will explore the fundamental principles and structural requirements underpinning the design and functioning of screening facilities and treatment centres in ebola and marburg diseases context.","Health services provision","Ebola and Marburg","Member states/ MoH/WHO staff","WHO","HQ/WHE","WHEtraining@who.int","English","Online","OpenWHO","https://openwho.org/playlist/dedicated/536527/0_rt7m1knx/0_j68o40ng",,
"Clinical management of Ebola virus disease","Information on screening and triage, infection prevention and control, laboratory diagnostics, organization of the Ebola Treatment Centre (ETC), clinical care of patients in the ETC, and investigational therapeutic agents.","Health services provision","Ebola","WHO staff/MoH/HCPs","WHO","HQ/WHE","WHEtraining@who.int","English","Online","OpenWHO","https://openwho.org/media/Ebola%20Module%201%3A%20Screening%20and%20triage%3A%20Recognize%20suspect%20patients%20with%20Ebola%20early/0_guwpwaxh/536527",,
"Emergency Preparedness and IHR Compliance Simulation","This course is a learning game that will prepare you for national health emergencies by practicing how to make more effective decisions and communicating well with stakeholders. This will be a learning game that may be facilitated both in online and face-to-face formats. 
","Research & monitoring and evaluation","Simulation","Policymakers; emergency preparedness stakeholders; WHO IHR staff and contact points, staff from State Parties National Focal Points","WHO","HQ/WHE","whoasupport@who.int","English","Online","WHO Academy","https://web-staging.lxp.academy.who.int/coursewares/course-v1:WHOA+0019_EPIC_EN+2024?from=discovery&source=edX",,
"Emerging respiratory viruses, including COVID-19: methods of detection, prevention, response, and control","Understand the fundamental principles of emerging respiratory viruses and how to effectively respond to an outbreak.","Health emergency preparedness and response management","COVID-19","WHO staff/MoH/HCPs","WHO","HQ/WHE","https://campus.paho.org/en/contact","Spanish","Online","Virtual campus for public health","https://www.campusvirtualsp.org/es/node/28738",,
"ePROTECT Respiratory Infections: Occupational Health and Safety (COVID-19)","Know the basic principles of acute respiratory infections","Infection prevention and control (IPC) & safe environment in health facilities","IPC","WHO staff/MoH/HCPs","WHO","HQ/WHE","https://campus.paho.org/en/contact","Spanish","Online","Virtual campus for public health","https://www.campusvirtualsp.org/es/node/28882",,
"EVD - GO Package","Training to perform work safely as part of the teams working to bring the outbreak under control.","Health emergency preparedness and response management","Ebola","Public health institutions (schools of medicine, public health, etc.), ministries and other organizations","WHO","HQ/WHE",,"English","Training toolkits and packages","HSLP ","https://extranet.who.int/hslp/content/evd-go-package",,
"EVD Preparedness Training Package (WHO Regional Office for Africa – version1)","Include guidance documents for facilitators (facilitation team manual, facilitator guides to run specific sessions) as well as sample evaluation tools to collect participants' and facilitators' feedback.","Health emergency preparedness and response management","Ebola","Public health institutions (schools of medicine, public health, etc.), ministries and other organizations","WHO","HQ/WHE",,"English, French, Portuguese","Training toolkits and packages","HSLP ","https://extranet.who.int/hslp/content/evd-training-package-1",,
"EVD Rapid Response Teams Training Package","Reinforce the capacity and skills of multidisciplinary RRTs and their individual members to early detect and effectively respond to a potential EVD outbreak.","Health emergency preparedness and response management","Ebola","Public health institutions (schools of medicine, public health, etc.), ministries and other organizations","WHO","HQ/WHE",,"English, French","Training toolkits and packages","HSLP ","https://extranet.who.int/hslp/content/evd-rrt-training-package",,
"EVD Training Package - gCHV Training on EBOLA Flipbook and IPC","Provide instructions and training material (flipbook) to generic Community Health Volunteers (gCHVs) in conducting training in communities /houses on how to reduce and stop the spread of Ebola and how to protect themselves, their family, and their communities from Ebola","Health emergency preparedness and response management","Ebola","Public health institutions (schools of medicine, public health, etc.), ministries and other organizations","WHO","HQ/WHE",,"English","Training toolkits and packages","HSLP ","https://extranet.who.int/hslp/content/training-package-2",,
"EVD Training Package - Providing Safe Care in the Community","Training material that brings together locally practiced methods in caring for the sick and best available infection prevention measures in the community. ","Health emergency preparedness and response management","Ebola","Public health institutions (schools of medicine, public health, etc.), ministries and other organizations","WHO","HQ/WHE",,"English","Training toolkits and packages","HSLP ","https://extranet.who.int/hslp/content/training-package-3",,
"Event Information Site for National IHR Focal Points (EIS)","Consist of brief learning modules comprised of bite-sized learning activities designed for quick consumption with the aim of familiarizing NFPs and relevant WHO staff with the EIS platform.","Surveillance","EIS","National IHR Focal Points (NFPs) and WHO staff","WHO","HQ/WHE",,"English","Online","HSLP ","https://extranet.who.int/hslp/training/course/index.php?categoryid=32",,
"Event Management at Points of Entry"," This online course aims to train relevant personnel at the Points-of-Entry on how to conduct initial risk assessment and management of Ebola event at Points of Entry.","Points of entry (PoEs) and border health","Ebola"," National IHR Focal Points","WHO","HQ/WHE",,"English","Online","HSLP ","https://extranet.who.int/hslp/training/course/index.php?categoryid=33",,
"Facilitation skills for workshops and trainings (ToT)","Training on how to design and deliver a training or workshop - support technical knowledge/skills transfer. * ""The training will need to be updated to align with the IHR amendments when they enter into force"" ","IHR Coordination and National IHR Focal Point Functions","PHEOC","WHE NPOs/ Hub teams / EMO technical leads","WHO ","HQ/WHE",,"English","In-person",,,,
"Fast Track Training on Public Health Emergencies","The training will provide a comprehensive overview of selected topics that are essential in emergencies.
It is the goal to develop basic field public health skills with practical utility in emergency situations.
It is a hybrid program with online courses and F2F workshop which will focus on practical application of technical knowledge provided in online sessions.","Health emergency preparedness and response management","Health emergencies management","WHE and affiliated staff in countries affected by humanitarian emergencies in EMRO, AFRO and EURO regions. Preferred participants would be people with practical public health experience building on some formal public health. ","WHO","HQ/WHE",,"English","Blended",," ",,
"Global Laboratory Leadership Programme Learning Package","Foster and mentor current and emerging laboratory leaders to build, strengthen, and sustain national laboratory systems. Access to full course materails is made available only on request","Laboratory","Laboratory leadership","Public health institutions (schools of medicine, public health, etc.), ministries and other organizations","WHO","HQ/WHE",,"English","Training toolkits and packages","HSLP ","https://extranet.who.int/hslp/gllp",,
"Go.Data: Building additional dashboards in Power BI","The course covers essential aspects of the creation of customized dashboards in Power BI using the data collected in Go.Data, including how to connect Go.Data to Power BI, how to generate custom dashboards and reports, and how to publish and share the created dashboard with our colleagues or the public.","Surveillance","Power BI","Member states/ MoH/WHO staff","WHO","HQ/WHE/GOARN","goarn@who.int","English","Online","OpenWHO","https://openwho.org/playlist/dedicated/502240/0_rwrsmdul/0_6fjycl0h",,
"GOARN Outbreak Response Leadership Training","This programme has been designed to build the individual and collective leadership and crisis management skills of highly experienced outbreak responders to act as influential and trusted leaders during public health emergencies. This course also aims to capacitate senior GOARN deployees with the ability to adapt and apply these leadership and crisis management skills into any kind of public health emergency response and structure.","Leadership ","Outbreak Response; Leadership","GOARN Partners; MoH; Local Responders","WHO","HQ/WHE/GOARN","goarn@who.int","English","Blended","GOARN"," https://goarn.who.int/handbook",,
"GOARN Outbreak Response Scenario Training","The GOARN Outbreak Response Scenario Training is a unique adaptation training designed to orient multidisciplinary GOARN deployees to the processes, realities and challenges of working as part of an international outbreak response team. This training provides a safe space for public health experts of various specialties to build and test their skills, behaviours and attitudes as they work in an international multidisciplinary team in which they must apply their existing technical skills in a new, challenging and dynamic environment in order to effectively solve an evolving outbreak of unknown etiology. This training focuses on the development and assessment of the soft skill behavioural indicators of the GOARN core competencies for working effectively in an international multidisciplinary outbreak response teams.","Health emergency preparedness and response management","Outbreak Response; Team work","GOARN Partners; MoH; Local Responders","WHO","HQ/WHE/GOARN","goarn@who.int","English","In-person","GOARN","https://goarn.who.int/handbook/annex9",,
"Infection prevention and control for COVID-19 in health care and community settings","Provide information on what facilities should be doing to be prepared to respond to a case of an emerging respiratory virus such as the novel coronavirus, how to identify a case once it occurs, and how to properly implement IPC measures to ensure there is no further transmission to HCW or to other patients and others in the healthcare facility.","Infection prevention and control (IPC) & safe environment in health facilities","COVID-19","WHO staff/MoH/HCPs","WHO","HQ/WHE","WHEtraining@who.int","English","Online","OpenWHO","https://openwho.org/playlist/dedicated/521973/0_h5hxtqyg/0_j4iv6bgk",,
"Influenza prevention and control","Overview of the tools to prevent and control influenza","Health services provision","Influenza","WHO staff/MoH/HCPs","WHO","HQ/WHE","WHEtraining@who.int","Arabic, Albanian, Chinese, English, French, Portuguese, Spanish, Russian ","Online","OpenWHO","https://openwho.org/playlist/dedicated/501679/0_xor51fug/0_jbf659cx",,
"PHEOC intermediate and advanced courses ","PHEOC_net courses for supporting MS PHEOC capacity stregthening ","Health emergency preparedness and response management","PHEOC","MS PHEOC Staff","WHO / CDC","HQ/WHE",,"English","In-person",,,,
"Simulation Exercise Management: Introduction","This course is an introduction to simulation exercises and their value as part of wider emergency preparedness to raise awareness among a non-technical audience. The goal of this course is to support the development and management of an effective fit-for-purpose exercise programme, by providing consistent practical guidance and tools on exercise design and implementation.","Research & monitoring and evaluation","Simulation","Member states/ MoH/WHO staff","WHO","HQ/WHE/HSP","WHEtraining@who.int","English","Online","OpenWHO","https://openwho.org/playlist/dedicated/500867/0_sz4szoxc/0_qkklla2u",,
"Six steps for sustainable implementation of national action plans on antimicrobial resistance
","The aim of this course is to provide information on the “WHO implementation handbook for national action plans on antimicrobial resistance: guidance for the human health sector” and the 6 steps for sustainable implementation of NAPs on AMR.
","Health emergency preparedness and response management","AMR","National and subnational policy-makers responsible for prioritizing and leading AMR interventions in the human health sector","WHO","HQ/AMR","whoasupport@who.int","English, French, Spanish","Online","WHO Academy","https://web-staging.lxp.academy.who.int/coursewares/course-v1:WHOAcademy-Hosted+H0042EN+H0042EN_Q4_2024?source=edX
",,
"SocialNet: Empowering communities before, during, and after an infectious disease outbreak","The aim of this course is to provide an overview of operational concepts in relation to community engagement, risk communication, and the application of social science interventions. This course is designed for health emergency preparedness and response professionals, policy makers and partners.","Risk communication and community engagement (RCCE)","RCCE","Member states/ MoH/WHO staff","WHO","HQ/WHE","WHEtraining@who.int","Arabic, Chinese, English, French , Russian, Spanish, ","Online","OpenWHO","https://openwho.org/playlist/dedicated/501691/0_gu0eoh5o/0_udh6fa42",,
"WHO Simulation Exercise Management Training ","This course is designed to provide participants with a foundational understanding of Simulation Exercises (Simex) in the context of public health. It introduces the benefits of Simex as a valuable tool for strengthening emergency preparedness and response, particularly within the framework of WHO guidance. Participants will gain knowledge of key terminology, concepts, and principles outlined in the WHO Simex Manual, and explore the various phases of the Exercise Project Cycle—from planning to conduct and post-exercise review. By the end of the course, learners will be equipped to identify and select the most appropriate type of exercise based on specific objectives and apply their understanding to effectively support public health preparedness initiatives.","Research & monitoring and evaluation","Simulation","MoH/WHO","WHO","HQ/WHE/HSP",,"English","Online","iLearn","https://who.csod.com/ui/lms-learning-details/app/course/01ac7d5d-5d87-4c89-8fd0-99998c806a50",,
"Introduction to the International Health Regulations Monitoring and Evaluation Framework","This course aims to equip participants with the knowledge and skills required to objectively monitor and evaluate the implementation of the IHR at country level and to prioritize actions for developing National Action Plans for Health Security (NAPHS) aimed to improve pandemic preparedness. * ""The training will need to be updated to align with the IHR amendments when they enter into force"" ","Health emergency preparedness and response management","IHR","NFPs/WHO WHE staffs/MoH","WHO","WHO Academy","whoasupport@who.int","English","Online"," WHO Academy","https://web-staging.lxp.academy.who.int/coursewares/course-v1:WHOA+0093_IHRME_EN+2024?source=edX",,
"Leadership and programme management in infection prevention and control module, Trainers guide","The Leadership and programme management in infection prevention and control (IPC) advanced training module is part of a package designed for advanced IPC focal persons working in low-resource settings. It is designed to support the 
implementation of the World Health Organization (WHO) Guidelines on core components of IPC programmes at the national and acute health care facility level as part of a multifaceted approach to capacity building. ","Infection prevention and control (IPC) & safe environment in health facilities","Leadership in IPC","Senior leadership position in IPC at the national, sub-national and health facility level.","WHO","HQ/UHC/HIS/IPC","coutinhoa@who.int","English","Training toolkits and packages",,"https://cdn.who.int/media/docs/default-source/integrated-health-services-(ihs)/core-components/trainer-guide.pdf?sfvrsn=aa7f38b1_4&download=true","Link for power point slides - https://www.who.int/publications/m/item/ipc-training-leadership-and-programme-management-in-infection-prevention-and-control-module-presentation; Link to the student handbook ",
"Infection prevention and control measures in health-care settings for Ebola or Marburg disease outbreaks","This course on IPC for Ebola and Marburg disease consists of four modules which will highlight the infection prevention and control recommendations as outlined in the WHO Infection prevention and control guideline for Ebola disease and Marburg disease (August 2023)","Infection prevention and control (IPC) & safe environment in health facilities","Ebola and Marburg","IPC leads and staffs in health care settings","WHO","HQ/WHE/IPC","WHEtraining@who.int","English","Online","OpenWHO","https://openwho.org/playlist/dedicated/521973/0_qv81s96r/0_w6xwueg3",,
"Prevention of surgical site infection (SSI) – December 2018 update","This course is designed to support implementation of the WHO global guidelines for the prevention of surgical site infection (SSI). It introduces recommended best practices and a multimodal approach for successful implementation and improvement. Trainees are expected to possess at least basic experience and competence in IPC to participate in this training.","Infection prevention and control (IPC) & safe environment in health facilities","SSI","IPC leads and staffs in health care settings","WHO","HQ/UHC/HIS/IPC","coutinhoa@who.int","English","Training toolkits and packages","Webpage","https://www.who.int/teams/integrated-health-services/infection-prevention-control/ipc-training-resources#ssi",,
"Prevention of catheter-associated urinary tract infections (CAUTI)","The training on Prevention of Catheter-Associated Urinary Tract Infections (CAUTI) aims to enhance healthcare workers’ knowledge of CAUTI risk factors and evidence-based prevention strategies. It seeks to promote adherence to infection prevention and control (IPC) guidelines, including appropriate catheter use and maintenance. ","Infection prevention and control (IPC) & safe environment in health facilities","IPC","IPC leads and staffs in health care settings","WHO","HQ/UHC/HIS/IPC",,"English","Training toolkits and packages","Webpage","https://www.who.int/teams/integrated-health-services/infection-prevention-control/ipc-training-resources#CAUTI",,
"Standard precautions: Injection safety and needle-stick injury management","In this course, you will learn about the causes of unsafe injection practices, how to safely give injections, and how to safely dispose of needles and other sharps. You will also learn what to do when needle-stick injuries occur, how to manage potential exposures, and ways to protect yourself, the staff and patients in your facility, and your community.","Infection prevention and control (IPC) & safe environment in health facilities","Injection safety","Healthcare professionals","WHO","HQ/UHC/HIS/IPC",,"English","Online","WHO Academy","https://whoacademy.org/coursewares/course-v1:WHOAcademy-Hosted+H0113EN+2025_Q1","Training package is available here https://www.who.int/teams/integrated-health-services/infection-prevention-control/ipc-training-resources#injection%20safety ",
"IPC to combat AMR in health care settings: trainer guide","This course is designed to support implementation of the WHO guidelines on core components of infection prevention 
and control programmes at the national and acute health care facility level and guidelines for the prevention and control of carbapenem-resistant Enterobacteriaceae, Acinetobacter baumannii and Pseudomonas aeruginosa in health care facilities.It introduces recommended best practices and a multimodal approach for successful implementation and improvement.","Infection prevention and control (IPC) & safe environment in health facilities","AMR","IPC leads and staffs in health care settings","WHO","HQ/UHC/HIS/IPC","coutinhoa@who.int","English","Training toolkits and packages","Webpage","https://www.who.int/teams/integrated-health-services/infection-prevention-control/ipc-and-antimicrobial-resistance",,
"Clinical management of respiratory diphtheria","This course is for clinicians that will be or are caring for patients with respiratory diphtheria during outbreaks in vulnerable settings","Infection prevention and control (IPC) & safe environment in health facilities","IPC","WHO staff/MoH/HCPs","WHO","HQ/WHE/IPC","WHEtraining@who.int","English","Online","OpenWHO","https://openwho.org/media/Diphtheria%20Module%204%3A%20Infection%20Prevention%20and%20Control%20(IPC)/0_jqyyet8x/536512",,
"Measles outbreak training","All health workers deployed to measles outbreaks must complete the measles and rubella (MR) training to implement quality interventions and work safely and effectively in the field. This course provides the essential preparedness, detection, investigation, response, and recovery skills required to contain the measles outbreak.","Health emergency preparedness and response management","Measles","WHO staff/MoH/HCPs","WHO","HQ/WHE","WHEtraining@who.int","English, Spanish, Ukrainian","Online","OpenWHO","https://openwho.org/playlist/dedicated/542027/0_ad0vqtxk/0_mzwkn3v5",,
"Water and Sanitation for Health Facility Improvement Tool (WASH FIT) for improved quality of care","The WHO/UNICEF Water and Sanitation for Health Facility Improvement Tool (WASH FIT) helps facilities to assess, manage and improve these critical services. This course covers the foundational concepts of WASH FIT, the methodology and examples of its application from a wide range of settings. It also includes six technical modules on water, sanitation, hand hygiene, health care waste, environmental cleaning and gender equality, disability and social inclusion (GEDSI).","Health emergency preparedness and response management","WASH","National Health and WASH Sector Leaders/Local and District Health Authorities/Health Facility Managers and Staff","WHO/UNICEF","HQ/HEP/ECH/WSH","whoasupport@who.int","English","Online","WHO Academy","https://whoacademy.org/coursewares/course-v1:WHOAcademy-Hosted+H0046EN+H0046EN_Q4_2024?from=discovery&source=edX",,
"My Five Moments of Hands Hygiene","Play an ‘out-of-this world’ game with a serious objective: to prevent healthcare-associated infections. The game, developed in collaboration with the WHO Infection Prevention and Control Hub as part of WHO’s ‘Healthcare without avoidable infections’ initiative, is based on the WHO Guidelines on Hand Hygiene in Health Care and aims to target two infectious outcomes – microbial cross-transmission and healthcare-associated infections.","Infection prevention and control (IPC) & safe environment in health facilities","IPC","Clinical health professionals/Students in healthcare education","WHO","HQ/UHC/HIS/IPC","whoasupport@who.int","English","Online","WHO Academy","https://whoacademy.org/coursewares/course-v1:WHOA+0018_MFM_EN+2022?from=discovery&source=edX",,
"Antimicrobial Resistance in the environment: key concepts and interventions","The environmental dimensions of AMR are often neglected in national action plans and investments on AMR. In this course, you will learn why addressing AMR in the environment is essential and gain insights into how action can be taken to prevent and control AMR in the environment at the national level.","Health emergency preparedness and response management","AMR","WHO staff/MoH/HCPs","WHO","HQ/AMR","whoasupport@who.int","English","Online","WHO Academy","https://whoacademy.org/coursewares/course-v1:WHOAcademy-Hosted+H0049EN+H0049EN_Q4_2024?from=discovery&source=edX",,
"Standard precautions: Waste management","In this course, you will learn about the different categories of waste and the process for waste management. Health care waste includes all waste generated by health, research and laboratory facilities in the course of providing health care services. Health care waste in a facility should be managed from point of generation to final disposal and removal.","Infection prevention and control (IPC) & safe environment in health facilities","Waste management","Healthcare professionals","WHO","HQ/UHC/HIS/IPC","whoasupport@who.int","English","Online","WHO Academy","https://whoacademy.org/coursewares/course-v1:WHOAcademy-Hosted+H0109EN+2025_Q1?source=edX",,
"Standard precautions: Hand hygiene","This course has been prepared to help summarize the WHO guidelines on hand hygiene, associated tools and ideas for effective implementation.","Infection prevention and control (IPC) & safe environment in health facilities","IPC","Healthcare professionals","WHO","HQ/UHC/HIS/IPC","whoasupport@who.int","English","Online","WHO Academy","https://whoacademy.org/coursewares/course-v1:WHOAcademy-Hosted+H0108EN+2025_Q1?source=edX",,
"Decontamination and sterilization of medical devices","The processes of sterilization and decontamination are complex, requiring specific infrastructure, equipment and process. In this course, which is divided into two parts, you will learn about the overall procedure for managing decontamination and sterilization of medical devices.","Infection prevention and control (IPC) & safe environment in health facilities","IPC","Healthcare professionals","WHO","HQ/UHC/HIS/IPC","whoasupport@who.int","English","Online","WHO Academy","https://whoacademy.org/coursewares/course-v1:WHOAcademy-Hosted+H0110EN+2025_Q1",,
"Transmission-based Precautions","This course will cover the main modes of transmission, what precautions can be used stop their spread and what personal protective equipment is required when caring for patients under Transmission-based Precautions. Transmission-based Precautions are additional measures we can use in health care to help keep both staff and patients safe.","Infection prevention and control (IPC) & safe environment in health facilities","IPC","Healthcare professionals","WHO","HQ/UHC/HIS/IPC","whoasupport@who.int","English","Online","WHO Academy","https://whoacademy.org/coursewares/course-v1:WHOAcademy-Hosted+H0114EN+2025_Q1",,
"Ready4Response Tier 3: Activation process","Tier 3 guides the learner through the activation process for the response. It aims to help MoH staff who will be working as part of a response, to build skills and reflect on the processes they use to build situational awareness and manage the response.   ","Health emergency preparedness and response management
","Emergency Response","Member states/ MoH/WHO staff","WHO","HQ/WHE","WHEtraining@who.int","English","Online","OpenWHO","https://openwho.org/playlist/dedicated/494536/0_aylkqv61/0_o9y26qzb",,
"Infection Prevention and Control in Maternal and Neonatal Care","The course is divided into 6 modules. The first module covers the essential knowledge of standard precautions required for good infection prevention and control. The other five modules develop this knowledge and apply it clinically to common situations in antenatal care, labour, childbirth and neonatal care.","Infection prevention and control (IPC) & safe environment in health facilities","IPC","Staff working in maternal and neonatal wards","WHO","HQ/UHC/HIS/IPC","whoasupport@who.int","English","Online","WHO Academy","https://whoacademy.org/coursewares/course-v1:WHOAcademy-Hosted+H0100EN_Q4_2024+2024_Q4?from=discovery&source=edX",,
"Prevention of vascular catheters-associated bloodstream infections","In this course, you will learn more about these specific types of infections, recommended best practices for insertion, maintenance, and removal and ways to achieve effective implementation for prevention.","Infection prevention and control (IPC) & safe environment in health facilities","IPC ","Healthcare professionals","WHO","HQ/UHC/HIS/IPC","whoasupport@who.int","English","Online","WHO Academy","https://whoacademy.org/coursewares/course-v1:WHOAcademy-Hosted+H0099EN+H0099EN_Q4_2024",,
"Antimicrobial resistance and infection prevention and control","This course will equip clinicians who frequently prescribe antimicrobials with knowledge and tools to improve their use of these essential medications in daily clinical practice. Through case based examples, the course will highlight how antimicrobial stewardship principles can be applied to common clinical scenarios.","Infection prevention and control (IPC) & safe environment in health facilities","IPC","Clinicians","WHO","HQ/UHC/HIS/IPC","whoasupport@who.int","English","Online","WHO Academy","https://whoacademy.org/coursewares/course-v1:WHOAcademy-Hosted+H0098EN+H0098EN_Q4_2024?from=discovery&source=edX",,
"Public Health Emergency Operations Centre (PHEOC)","This online course is designed as a companion to WHO’s Framework for a Public Health Emergency Operations Centre and is aimed at health emergency preparedness and response professionals, policy makers and partners seeking to implement and sustain Public Health Emergency Operations Centres. ","Health emergency preparedness and response management
","PHEOC","WHO staff/MoH/","WHO","HQ/WHE/SHO","WHEtraining@who.int","Chinese, English, French, Macedonian, Portuguese, Spanish, Russian, Ukrainian, ","Online","OpenWHO","https://openwho.org/emergencymgmt/577192/Public+Health+Emergency+Operations+Centre",,
"Module 1: Introduction to vSHOC","This course provides an understanding of vSHOC and its relation to other WHO emergency management software. You will learn what information vSHOC contains and become familiar with its use, including accessing basic operational response information, recording and assigning tasks, creating or updating a focal points list, updating your contact profile, and managing emergency-related documents.","Health emergency preparedness and response management","vSHOC","WHO staff/MoH","WHO","HQ/WHE/SHO",,"English","Online","iLearn","https://who.csod.com/ui/lms-learning-details/app/course/4b567b8d-b6b8-4fd7-abdd-5365dab37ea2 ",,
"Module 2: vSHOC Training for Advanced Users","This module is intended for advanced vSHOC users who have completed the basic training. This module will teach how to manage users, register an incident, manage reference data, add and manage data sets and map layers. ","Health emergency preparedness and response management","vSHOC","WHO staff/MoH","WHO","HQ/WHE/SHO",,"English","Online","iLearn","https://who.csod.com/ui/lms-learning-details/app/course/3fec7503-ee30-4804-9d43-0d7db8ed4155",,
"Module 3: vSHOC Emergency Human Resources","By the end of this training module, the trainee should be able to manage incident specific locations reference data, view and manage Human Resource Plans and manage incident specific functions and roles
","Health emergency preparedness and response management","vSHOC","WHO staff/MoH","WHO","HQ/WHE/SHO",,"English","Online","iLearn","https://who.csod.com/ui/lms-learning-details/app/course/5a7d5d19-5427-4456-b009-6b93d2636cba",,
"Introduction to Event Management System (EMS)","This training module is intended for WHO staff who need to use the Event Management System (EMS) in their work. It provides an overview of the EMS. The module is mandatory to take and pass in order to get an access to the EMS platform. ","Health emergency preparedness and response management","Event management system","WHO staff","WHO ","HQ/WHE/SHO",,"English","Online","iLearn","https://who.csod.com/ui/lms-learning-details/app/course/e5194f52-4d3f-4e71-9e86-26b788709135",,
"Data procedures in Event Management System (EMS)","This training module is intended for WHO staff that will be using the Event Management System (EMS) for data entry and updating. To perform these activities in the EMS it is mandatory to take and pass this module.  Prior to taking this module you must pass the prerequisite training “Introduction to EMS”","Health emergency preparedness and response management","Event management system","WHO staff","WHO ","HQ/WHE/SHO",,"English","Online","iLearn","https://who.csod.com/ui/lms-learning-details/app/course/3475ee5f-244e-438f-98d1-b1d5644e4800",,
"EWARS in a box: electronic early warning, alert and response system implementation in emergencies","EWARS in a box, WHO's electronic early warning, alert, and response system in emergencies, helps detect disease outbreaks early in emergency, fragile, conflict and vulnerable settings. It supports real-time mobile reporting from the most difficult and remote field settings with or without reliable internet or electricity. The web interface helps local epidemiologists and surveillance officers with interactive alert management, data analysis and visualization. ","Surveillance","EWARS","Epidemiologists, surveillance officers and frontline responders in emergencies","WHO","HQ/WHE/HEI","ewars@who.int","English","Online","OpenWHO","https://openwho.org/playlist/dedicated/541847/0_zsd05l6v/0_och981pp",,
"PHEOC Virtual TableTop Exercsie","This course will be made available upon request from WHO CO to euroeoc@who.int and accordingly briefing to run the training and the link will be provided.","Health emergency preparedness and response management","PHEOC","Member States and COs","WHO","EU/RGO/WHE/EMO","euroeoc@who.int","English, Russian, Arabic","Blended",,,,
"Virtual Course on Evaluation of Health Facilities using the Hospital Safety Index (HSIv2)","The completion of the course modules will allow the following objectives to be achieved: i) Recognize the elements of a health facility that are evaluated by the Hospital Safety Index. ii) Identify the hazards that put the security of a hospital at risk. iii) Use a standardized qualification of structural and non-structural aspects for the calculation of the hospital safety index. iv)Identify the necessary elements for emergency and disaster management. v) Systematize the procedure for hospital evaluation and analysis of the results.","Health emergency preparedness and response management","Hospital safety index","Health care workers/Other profession supporting health (engineer, architects, specialist in electrical and mechanical equipment, logistics)","WHO","PAHO/Virtual campus for public health ","https://campus.paho.org/en/contact","English","Online","Virtual campus for public health","https://campus.paho.org/en/course/health-facilities-assessment-using-hospital-safety-index",,
"WHO Simulation Exercise management training course","This face-to-face training is based on the WHO Simulation Exercise Manual and will provide the learners with the overview of the different simulation exercise tools and guidelines developed and used by WHO","Research & monitoring and evaluation","Simulation","Member states/ MoH/WHO staff","WHO","EURO/WHE/CPI","esengulova@who.int","English, Russian","In-person",,,,
"WHO IAR&AAR management course","This course has been designed to introduce the learners to the knowledge and skills needed for a successful management and facilitation of an Intra Action Review (IAAR) and an After Action Review (AAR)","Research & monitoring and evaluation","IAR/AAR","Member states/ MoH/WHO staff","WHO","EURO/WHE/CPI","esengulova@who.int","English, Russian","In-person",,,,
"Strategic Risk Assessment training for National and Subnational Facilitators using the WHO STAR tool kit","This face-to-face 3 day training is based on the WHO Strategic Tool Kit for Assessing Risk (STAR) and will provide participants with the methodology and the steps to conduct an all-hazards Strategic Risk Assessment at national or subnational level. ","Health emergency preparedness and response management","Strategic risk assessment","Member states/ MoH/WHO staff","WHO","EURO/WHE/CPI","cmansilla@who.int","English","In-person",,,,
"Hospital Safety Index (HSI) Training","This training familiarizes participants with the Hospital Safety Index (HSI) tool and its components, and how to use the tool to obtain a final HSI and specific indexes for structural safety, 
non-structural safety, and emergency and disaster management. The training will combine classroom theory with hands-on practice in a real hospital setting.","Health services provision","Hospital Preparedness","Health Facility Managers and Staff","WHO","EURO/WHE/CPI","llloydbraff@who.int","English","In-person",,,,
"Mass Casualty Management Planning Workshop","This course equips participants with the knowledge and skills to effectively manage mass casualty incidents. ","Health services provision","Hospital Preparedness","Health Facility Managers and Staff","WHO","EURO/WHE/CPI","llloydbraff@who.int","English","In-person",,,,
"Hospital Emergency Response Planning Workshop","The aim of the training is to provide information and guidance to develop or revise Emergency Response Plans for hospitals (H-ERPs) in WHO Member States. ","Health services provision","Hospital Preparedness","Health Facility Managers and Staff","WHO","EURO/WHE/CPI","llloydbraff@who.int","English","In-person",,,,
"NAPHS Training workshop","This training will support participants to reinforce the importance of developing annual operational plans that address current priorities and risks with detailed and tangible activities, and understand the interlinkage of NAPHS components in building capacities for countries to prevent, detect and respond to public health emergencies.
","Health emergency preparedness and response management","NAPHS","Member states/ MoH/WHO staff","WHO","EURO/WHE/CPI","eurocme@who.int","English","In-person",,,,
"Introduction to PoE requirements under the IHR ","This course provides an overview of Points of Entry (PoE) requirements under the International Health Regulations (IHR), focusing on key obligations, risk management, and compliance strategies. * ""The training will need to be updated to align with the IHR amendments when they enter into force"" ","Points of entry (PoEs) and border health","IHR","Member states/ MoH/WHO staff","WHO","EURO/WHE/CPI","schmidtt@who.int","English, Russian","In-person",,,,
"Assessment of core IHR public health capacities at PoE ","The trianing will provide knowledge and skills to conduct assessment in line with the IHR annex 1 provisions at airports, ports and ground crossings, including those for the early detection, reporting and management of public health events. * ""The training will need to be updated to align with the IHR amendments when they enter into force"" ","Points of entry (PoEs) and border health","IHR","Member states/ MoH/WHO staff","WHO","EURO/WHE/CPI","schmidtt@who.int","English, Russian","In-person",,,,
"Ship sanitation for the early detection, reporting and management of public health events particularly on board ships","A train-the-trainers programme for global professionals with significant experience in issuing ship sanitation exemption, control and extension certificates for different types of vessels. ","Points of entry (PoEs) and border health","Ship sanitation","Member states/ MoH/WHO staff","WHO","EURO/WHE/CPI","schmidtt@who.int","English, Russian","In-person",,,,
"Development of a public health contingency plan for PoE","This workshop covers the development of a public health contingency plan for Points of Entry (PoE), focusing on preparedness, response strategies, and risk mitigation. Participants will learn how to design and implement effective plans to manage health emergencies and ensure compliance with international regulations.","Points of entry (PoEs) and border health","Contingency plan","Member states/ MoH/WHO staff","WHO","EURO/WHE/CPI","schmidtt@who.int","English, Russian","In-person",,,,
"Global competency standards for the provision of health services to refugees and migrants","This course equips health workers with essential competencies to provide inclusive, people-centred, and culturally sensitive health services to refugees and migrants. Grounded in WHO’s Global Competency Standards, it addresses communication, collaboration, evidence-informed practice, and personal conduct, helping learners navigate the challenges faced by displaced populations in accessing equitable care.","Health emergency preparedness and response management","Health and migration","Health workers & professional working with migrant health","WHO","HQ/PHM","whoasupport@who.int","English","Online","WHO Academy","https://whoacademy.org/coursewares/course-v1:WHOAcademy-Hosted+H0125EN+2025_Q2",,
"Health Emergency Prevention, Preparedness, Response and Resilience (HEPR)","This asynchronous, self-paced course equips you with the tools and methodologies to support countries in developing evidence-based national plans for Health Emergency Prevention, Preparedness, Response, and Resilience (HEPR).","Health emergency preparedness and response management","HEPR","MoH/WHO/Consultants and other relevant National staff ","WHO","HQ/WHE","whoasupport@who.int","English","Online","WHO Academy","https://whoacademy.org/coursewares/course-v1:WHOAcademy-Hosted+H0089EN+2025_Q1?source=edX",,
"RCCE-IM for CBRN Preparedness and Response","Focusing on preparing communities and Ministry teams on the hazards associated with CBRN and how to identify risk perceptions of key groups and respond accordingly. ","Risk communication and community engagement (RCCE)","CBRN","Member states/ MoH/WHO staff","WHO","EURO/WHE/RCI","claxtonn@who.int","English, Slovakian","Blended",,,,
"RCCE-IM for Mass Gatherings","Against the backdrop of understanding key health risk during planned Mass Gatherings, the course teaches Ministry teams and stakeholder groups in how to identify key risks for each event, gauge risk perceptions and share appropriate messaging with key community groups before and during the events. ","Risk communication and community engagement (RCCE)","Mass gatherings","Member states/ MoH/WHO staff","WHO","EURO/WHE/RCI","claxtonn@who.int","English","Blended",,,,
"Social Listening ","This course focused specifically on the skillsets within Social Listening as a means to gauge risk perceptions on key health topics. Participants are guided to conduct their own Social Listening exercises using low-resource tools.","Risk communication and community engagement (RCCE)","Social listening","Member states/ MoH/WHO communication staff","WHO","EURO/WHE/RCI","claxtonn@who.int","English","Blended",,,,
"RCCE-IM in Epidemiology and Outbreak Response","This course targets epidemiologists' unique role in outbreak investigations by teaching how to engage communities and gauge risk perceptions around key health issues and potential vectors.","Risk communication and community engagement (RCCE)","Outbreak Response","Epidemiologists","WHO","EURO/WHE/RCI","claxtonn@who.int","English, Russian","In-person",,,,
"RCCE-IM for Community Health Workers","This course targets paid and volunteer community health workers' unique role in communities to serve as a listening station for concerns and risk perceptions around health and how to effectively support and respond. ","Risk communication and community engagement (RCCE)","Community health","Community health workers","WHO","EURO/WHE/RCI",,"English","In-person",,,,
"Community Health Workers Promoting COVID-19 Vaccination","This course uses the tools of RCCE-IM to assess and influence communities that may be hesitant to immunizations, with a focus on COVID19","Risk communication and community engagement (RCCE)","Immunizations","Member states/ MoH/WHO staff","WHO","EMRO/WHE","claxtonn@who.int","English, Arabic","Online","Webpage","https://www.emro.who.int/courses/covid-19-vaccine/index.htm",,
"Effective Online Training","This course models and assess learners for effective use of online methodologies and assessments specific to content and audience to better ensure that learning objectives are effectively met.","Risk communication and community engagement (RCCE)","Online learning","Member states/ MoH/WHO staff","WHO","EURO/WHE/RCI","claxtonn@who.int","English, Arabic","Online",,,,
"Developing behaviour-based training curriculum","This course goes beyond teaching knowledge-based content and models behaviour-based strategies to improve the likelihood of skill transfer and behaviour and attitude modification around key competencies and capabilities.","Risk communication and community engagement (RCCE)","Training curriculum","Member states/ MoH/WHO staff","WHO","EURO/WHE/RCI","claxtonn@who.int","English","Online",,,,
"Supporting partners across the capacity-building continuum","This course shows the multiple steps and resources available to build capacity - with training events serving as the last resort.  The course strengthens how we see each person as a builder of capacity, going beyond structured and expensive training events.","Risk communication and community engagement (RCCE)","Training ","Member states/ MoH/WHO staff","WHO","EURO/WHE/RCI","claxtonn@who.int","English","Blended",,,,
"Developing behaviour-change-based messages","The construction of effective risk communication messaging is modeled and taught with multiple opportunities for learner trial with feedback loops. Learners learn how to assess risk communications messages for effectiveness including testing of messages and have the opportunity to develop their own messages within their context for feedback and revision.","Risk communication and community engagement (RCCE)","Risk communications","Member states/ MoH/WHO staff","WHO","EURO/WHE/RCI","claxtonn@who.int","English","Blended",,,,
"RCCE-IM in the university curricula in faculties of Medicine, Comms and Public Health","Learners are coached on how to assess existing curriculum within both communications and health for possible embedding of risk communications, community engagement and/or infodemic management knowledge, skills and behaviours to improve the quality of programming and increase the reach of WHO programming. ","Risk communication and community engagement (RCCE)","Integrating RCCE-IM","Member states/ MoH/WHO staff","WHO","EURO/WHE/RCI","claxtonn@who.int","English, Arabic","Blended",,,,
"Preventing rheumatic fever and rheumatic heart disease in the community","Using RCCE-IM principles, learners learn about RF and RHD while also the skills of communicating with people about the risks using scenario.","Risk communication and community engagement (RCCE)","Rheumatic fever","Member states/ MoH/WHO staff","WHO","EMRO/WHE","claxtonn@who.int","English, Arabic","Online","Webpage","https://www.emro.who.int/courses/preventing-rf-rhd/index.htm",,
"Open Source Fundamentals","This e-learning course is designed to help WHO teams and partners working with WHO understand Open-Source principles and best practices in the context of health emergency preparedness and response.","Digital health","Open source ","Product Owners/Project Leads, Software Developers and Project Managers","WHO","HQ/WHE/EII","pandemichub@who.int","English","Online","WHO Academy","https://whoacademy.org/coursewares/course-v1:WHOAcademy-Hosted+H0068EN+2025_Q3?source=edX",,
"Outbreak investigations in health facilities","Outbreaks are unfortunate events that afflict both patients and staff as well as the cost of health care. In this course, you will learn how to identify and investigate outbreaks, the importance of communication, how to implement outbreak control measures, and how to identify lessons learned to inform and improve future health care delivery. ","Infection prevention and control (IPC) & safe environment in health facilities","Outbreak investigations","Infection prevention and control professionals, public health professionals","WHO","HQ/WHE/IPC","whoasupport@who.int","English","Online","WHO Academy","https://whoacademy.org/coursewares/course-v1:WHOAcademy-Hosted+H0080EN+2025_Q1?from=discovery&source=edX",,
"Health systems for health security","This course aims to support the implementation of the WHO Health Systems for Health Security Framework and guide learners to bridge health systems and health security. It introduces the framework's key components and provides guidance and scenario-based exercises to bring HSforHS from concept to action. The online course is a self-paced interactive course with a webinar in module 2. The course is broken into two modules. Module 1 focuses on HSforHS-related knowledge dissemination, and Module 2 focuses on utilizing the knowledge gained in Module 1.","Health emergency preparedness and response management","Health security","Health emergencies management officials","WHO","HQ/WHE","whoasupport@who.int","English","Online","WHO Academy","https://whoacademy.org/coursewares/course-v1:WHOA+0079_HS_EN+2024?from=discovery&source=edX",,
"Virtual Course - Medical Coordination and Information Cells (CICOM)","The course provides health emergency staff with theoretical knowledge on how to implement the EMT Medical Coordination and Information Cell (CICOM) methodology to support health Emergency Operations Centers. The CICOM methodology serves as a fundamental support for EOCs, with the goal of strengthening actions and addressing needs related to information management, coordination, and operational support for EMTs and Alternative Medical Care Sites (AMCSs), facilitating decision-making in health EOCs. This is vital in the short term to protect life and alleviate the suffering of affected populations.   ","Health emergency preparedness and response management","Emergency Medical Teams (EMTs)","All staff involved with the Emergency Medical Teams (EMT) initiative","WHO","HQ/WHE","whoasupport@who.int","English, French, Portuguese, Spanish","Online","WHO Academy","https://whoacademy.org/coursewares/PAHO_VCPH_31285?source=gateway",,
"Psychological first aid (PFA) in emergency management (Primera ayuda psicológica (PAP) en el manejo de emergencias)","This Psychological First Aid (PFA) course aims to provide people without professional training with tools to provide an appropriate first response to those experiencing psychological difficulties following crisis situations.","Health services provision","Mental health","Community volunteers ","WHO","Virtual campus for public health","https://campus.paho.org/es","Spanish","Online","WHO Academy","https://whoacademy.org/coursewares/PAHO_VCPH_28927?source=gateway",,
"Prevention and Control of infections in health emergencies and disasters (Prevención y Control de Infecciones en emergencias de salud y desastres )","The course starts from the need to analyze the importance of infection prevention and control as part of preparedness and responses to health emergencies and disasters, as well as to implement general and specific measures for infection prevention and control in healthcare facilities. The objective is to develop competencies in infection prevention and control in health emergencies and disaster situations among personnel working in healthcare facilities.","Infection prevention and control (IPC) & safe environment in health facilities","IPC","Professionals and technicians from healthcare services, epidemiology, and environmental health.","WHO","WHO/PAHO","https://campus.paho.org/es","Spanish","Online","WHO Academy","https://whoacademy.org/coursewares/PAHO_VCPH_100907?source=gateway",,
"Rapid Response Teams (RRT) Training Programme","The Rapid Response Teams Training Programme (RRT TP) is a structured collection of learning resources including learning materials, guidance, and tools enabling Member States to plan, implement and evaluate customized training for RRT managers and RRT members at national and subnational levels.","Health emergency preparedness and response management","Rapid response training","Training Institutions/National Professionals across sectors who may be deployed as RRT members.","WHO","HQ/WHE","WHEtraining@who.int","English, French","Online","OpenWHO","https://openwho.org/channel/Rapid+Response+Teams+%28RRT%29+Training+Programme/606945",,
"Defining an information environment assessment framework","This course introduces health professionals and infodemic managers to methods for analyzing and understanding the information ecosystem during public health emergencies. It provides practical guidance on assessing information flows, identifying risks, and supporting evidence-based strategies to manage misinformation and strengthen community resilience.","Risk communication and community engagement (RCCE)","Information ecosystem","Member states/ MoH/WHO staff","WHO","HQ/WHE","WHEtraining@who.int","English","Online","OpenWHO","https://openwho.org/playlist/dedicated/499738/0_fpv6zcpi/0_eodu8xbe",,
,"This module aims at providing technical recommendations to strengthen healthcare infrastructure in the context of mpox outbreaks.","Health emergency preparedness and response management","Monkeypox","Member states/ MoH/WHO staff","WHO","HQ/WHE","WHEtraining@who.int","English, French","Online","OpenWHO","https://openwho.org/playlist/dedicated/503162/0_eh39zv4c/0_u7qyxu5y",,
"Community First Aid Response Course"," The Community First Aid Response course equips lay responders and community health workers to recognize emergency conditions, provide safe and simple lifesaving actions, and support patients until they reach formal care—particularly in areas with limited emergency services. To be considered complete, the Community First Aid Response course requires participants to attend in-person sessions and demonstrate practical clinical skills. Hands-on practice is essential to ensure confidence and competence in providing emergency first aid.","Health services provision","First Aid","Community members","WHO",,"WHEtraining@who.int","English","Online","OpenWHO","https://openwho.org/playlist/dedicated/631540/0_yd58jxwl/0_8qdpylyv",,
"Cholera case management","This course provides practical guidance on diagnosing and managing cholera cases, including assessing dehydration levels, applying case definitions, and initiating appropriate treatment plans. Participants will learn to use resources from the Global Task Force on Cholera Control (GTFCC), treat cholera in special populations such as pregnant women and malnourished children, and understand indications for antibiotic therapy. ","Health services provision","Cholera","Clinical staff working in cholera treatment centers or units.","WHO","WHO/WHE","WHEtraining@who.int","English","Online","OpenWHO","https://openwho.org/playlist/dedicated/493105/0_2ag4fqtv/0_s4gyb0h5",,
